"subj_idx","Sex","Age","Handedness","Color_blindness","part","rt","response","correct","coherent_direction","coherence","isMatch","association","difficulty","dot_color_final","target_color_proportion"
41,"男",22,"右","都不是","match_RDK","1984","f","true",0,0.12,"match","self",1,"[""white""]",0
41,"男",22,"右","都不是","match_RDK","2247","j","true",180,0.07,"mismatch","other",3,"[""white""]",0
41,"男",22,"右","都不是","match_RDK","1655","j","false",180,0.07,"match","other",2,"[""white""]",0
41,"男",22,"右","都不是","match_RDK","2121","f","false",0,0.07,"mismatch","self",2,"[""white""]",0
41,"男",22,"右","都不是","match_RDK","2027","f","true",180,0.07,"match","other",3,"[""white""]",0
41,"男",22,"右","都不是","match_RDK","1601","j","true",0,0.12,"mismatch","self",1,"[""white""]",0
41,"男",22,"右","都不是","match_RDK","1800","f","false",180,0.07,"mismatch","other",2,"[""white""]",0
41,"男",22,"右","都不是","match_RDK","1894","j","true",180,0.12,"mismatch","other",1,"[""white""]",0
41,"男",22,"右","都不是","match_RDK","1665","f","true",0,0.07,"match","self",2,"[""white""]",0
41,"男",22,"右","都不是","match_RDK","1733","f","true",0,0.07,"match","self",3,"[""white""]",0
41,"男",22,"右","都不是","match_RDK","2582","j","true",0,0.03,"mismatch","self",4,"[""white""]",0
41,"男",22,"右","都不是","match_RDK","2149","f","true",180,0.03,"match","other",4,"[""white""]",0
41,"男",22,"右","都不是","match_RDK","2263","f","true",0,0.03,"match","self",4,"[""white""]",0
41,"男",22,"右","都不是","match_RDK","2260","j","true",180,0.03,"mismatch","other",4,"[""white""]",0
41,"男",22,"右","都不是","match_RDK","2159","f","true",180,0.12,"match","other",1,"[""white""]",0
41,"男",22,"右","都不是","match_RDK","2784","j","true",0,0.07,"mismatch","self",3,"[""white""]",0
41,"男",22,"右","都不是","match_RDK","2122","f","true",180,0.03,"match","other",4,"[""white""]",0
41,"男",22,"右","都不是","match_RDK","1897","j","true",0,0.12,"mismatch","self",1,"[""white""]",0
41,"男",22,"右","都不是","match_RDK","1255","f","true",0,0.07,"match","self",2,"[""white""]",0
41,"男",22,"右","都不是","match_RDK","1449","f","false",180,0.07,"mismatch","other",2,"[""white""]",0
41,"男",22,"右","都不是","match_RDK","2646","f","true",180,0.07,"match","other",3,"[""white""]",0
41,"男",22,"右","都不是","match_RDK","2850","f","true",180,0.07,"match","other",2,"[""white""]",0
41,"男",22,"右","都不是","match_RDK","2311","f","false",0,0.03,"mismatch","self",4,"[""white""]",0
41,"男",22,"右","都不是","match_RDK","2403","j","true",180,0.03,"mismatch","other",4,"[""white""]",0
41,"男",22,"右","都不是","match_RDK","2776","f","true",0,0.03,"match","self",4,"[""white""]",0
41,"男",22,"右","都不是","match_RDK","2641","j","true",0,0.07,"mismatch","self",2,"[""white""]",0
41,"男",22,"右","都不是","match_RDK","2558","j","true",180,0.07,"mismatch","other",3,"[""white""]",0
41,"男",22,"右","都不是","match_RDK","2095","f","true",180,0.12,"match","other",1,"[""white""]",0
41,"男",22,"右","都不是","match_RDK","-1","","false",0,0.12,"match","self",1,"[""white""]",0
41,"男",22,"右","都不是","match_RDK","1841","j","true",180,0.12,"mismatch","other",1,"[""white""]",0
41,"男",22,"右","都不是","match_RDK","1631","f","true",0,0.07,"match","self",3,"[""white""]",0
41,"男",22,"右","都不是","match_RDK","2051","f","false",0,0.07,"mismatch","self",3,"[""white""]",0
41,"男",22,"右","都不是","match_RDK","1448","f","true",0,0.12,"match","self",1,"[""white""]",0
41,"男",22,"右","都不是","match_RDK","1589","j","true",0,0.12,"mismatch","self",1,"[""white""]",0
41,"男",22,"右","都不是","match_RDK","1596","f","true",180,0.07,"match","other",2,"[""white""]",0
41,"男",22,"右","都不是","match_RDK","2212","j","true",180,0.12,"mismatch","other",1,"[""white""]",0
41,"男",22,"右","都不是","match_RDK","2401","f","true",180,0.12,"match","other",1,"[""white""]",0
41,"男",22,"右","都不是","match_RDK","1528","j","true",0,0.07,"mismatch","self",3,"[""white""]",0
41,"男",22,"右","都不是","match_RDK","1475","j","true",0,0.07,"mismatch","self",2,"[""white""]",0
41,"男",22,"右","都不是","match_RDK","1471","f","true",180,0.07,"match","other",3,"[""white""]",0
41,"男",22,"右","都不是","match_RDK","1851","f","true",0,0.03,"match","self",4,"[""white""]",0
41,"男",22,"右","都不是","match_RDK","1672","j","true",180,0.07,"mismatch","other",3,"[""white""]",0
41,"男",22,"右","都不是","match_RDK","2172","j","true",180,0.03,"mismatch","other",4,"[""white""]",0
41,"男",22,"右","都不是","match_RDK","1659","f","true",0,0.07,"match","self",2,"[""white""]",0
41,"男",22,"右","都不是","match_RDK","2128","f","true",0,0.07,"match","self",3,"[""white""]",0
41,"男",22,"右","都不是","match_RDK","1923","j","true",180,0.07,"mismatch","other",2,"[""white""]",0
41,"男",22,"右","都不是","match_RDK","2444","j","false",180,0.03,"match","other",4,"[""white""]",0
41,"男",22,"右","都不是","match_RDK","2161","j","true",0,0.03,"mismatch","self",4,"[""white""]",0
41,"男",22,"右","都不是","match_RDK","2746","f","false",180,0.07,"mismatch","other",2,"[""white""]",0
41,"男",22,"右","都不是","match_RDK","1700","f","false",0,0.03,"mismatch","self",4,"[""white""]",0
41,"男",22,"右","都不是","match_RDK","1973","j","true",180,0.12,"mismatch","other",1,"[""white""]",0
41,"男",22,"右","都不是","match_RDK","2126","j","false",0,0.03,"match","self",4,"[""white""]",0
41,"男",22,"右","都不是","match_RDK","2031","f","true",180,0.07,"match","other",3,"[""white""]",0
41,"男",22,"右","都不是","match_RDK","1444","f","true",0,0.12,"match","self",1,"[""white""]",0
41,"男",22,"右","都不是","match_RDK","1506","f","false",0,0.07,"mismatch","self",2,"[""white""]",0
41,"男",22,"右","都不是","match_RDK","1357","j","true",0,0.12,"mismatch","self",1,"[""white""]",0
41,"男",22,"右","都不是","match_RDK","2093","f","true",0,0.07,"match","self",3,"[""white""]",0
41,"男",22,"右","都不是","match_RDK","2290","j","false",180,0.12,"match","other",1,"[""white""]",0
41,"男",22,"右","都不是","match_RDK","2589","f","false",0,0.07,"mismatch","self",3,"[""white""]",0
41,"男",22,"右","都不是","match_RDK","1803","j","false",180,0.07,"match","other",2,"[""white""]",0
41,"男",22,"右","都不是","match_RDK","2682","j","true",180,0.03,"mismatch","other",4,"[""white""]",0
41,"男",22,"右","都不是","match_RDK","1302","f","true",0,0.07,"match","self",2,"[""white""]",0
41,"男",22,"右","都不是","match_RDK","1848","j","true",180,0.07,"mismatch","other",3,"[""white""]",0
41,"男",22,"右","都不是","match_RDK","1796","f","true",180,0.03,"match","other",4,"[""white""]",0
41,"男",22,"右","都不是","match_RDK","2259","f","true",0,0.03,"match","self",4,"[""white""]",0
41,"男",22,"右","都不是","match_RDK","1584","j","true",0,0.07,"mismatch","self",2,"[""white""]",0
41,"男",22,"右","都不是","match_RDK","1431","f","true",180,0.12,"match","other",1,"[""white""]",0
41,"男",22,"右","都不是","match_RDK","1429","f","true",0,0.07,"match","self",2,"[""white""]",0
41,"男",22,"右","都不是","match_RDK","2290","f","true",180,0.07,"match","other",2,"[""white""]",0
41,"男",22,"右","都不是","match_RDK","2429","j","true",180,0.07,"mismatch","other",2,"[""white""]",0
41,"男",22,"右","都不是","match_RDK","1762","j","true",180,0.12,"mismatch","other",1,"[""white""]",0
41,"男",22,"右","都不是","match_RDK","2067","j","true",180,0.07,"mismatch","other",3,"[""white""]",0
41,"男",22,"右","都不是","match_RDK","2663","j","false",180,0.07,"match","other",3,"[""white""]",0
41,"男",22,"右","都不是","match_RDK","2565","f","true",0,0.07,"match","self",3,"[""white""]",0
41,"男",22,"右","都不是","match_RDK","2179","j","false",180,0.03,"match","other",4,"[""white""]",0
41,"男",22,"右","都不是","match_RDK","2307","j","true",180,0.03,"mismatch","other",4,"[""white""]",0
41,"男",22,"右","都不是","match_RDK","2799","j","true",0,0.03,"mismatch","self",4,"[""white""]",0
41,"男",22,"右","都不是","match_RDK","2021","f","true",0,0.12,"match","self",1,"[""white""]",0
41,"男",22,"右","都不是","match_RDK","1658","j","true",0,0.07,"mismatch","self",3,"[""white""]",0
41,"男",22,"右","都不是","match_RDK","1904","j","true",0,0.12,"mismatch","self",1,"[""white""]",0
41,"男",22,"右","都不是","match_RDK","1657","f","true",180,0.07,"match","other",3,"[""white""]",0
41,"男",22,"右","都不是","match_RDK","1710","j","true",0,0.07,"mismatch","self",2,"[""white""]",0
41,"男",22,"右","都不是","match_RDK","1281","j","true",0,0.12,"mismatch","self",1,"[""white""]",0
41,"男",22,"右","都不是","match_RDK","1493","f","true",180,0.07,"match","other",2,"[""white""]",0
41,"男",22,"右","都不是","match_RDK","1648","f","true",0,0.03,"match","self",4,"[""white""]",0
41,"男",22,"右","都不是","match_RDK","1574","j","false",0,0.07,"match","self",3,"[""white""]",0
41,"男",22,"右","都不是","match_RDK","1725","j","true",180,0.12,"mismatch","other",1,"[""white""]",0
41,"男",22,"右","都不是","match_RDK","1759","j","true",180,0.03,"mismatch","other",4,"[""white""]",0
41,"男",22,"右","都不是","match_RDK","1506","j","true",180,0.07,"mismatch","other",3,"[""white""]",0
41,"男",22,"右","都不是","match_RDK","2969","f","false",0,0.03,"mismatch","self",4,"[""white""]",0
41,"男",22,"右","都不是","match_RDK","1755","f","true",0,0.12,"match","self",1,"[""white""]",0
41,"男",22,"右","都不是","match_RDK","2587","f","true",0,0.07,"match","self",2,"[""white""]",0
41,"男",22,"右","都不是","match_RDK","1961","f","true",180,0.12,"match","other",1,"[""white""]",0
41,"男",22,"右","都不是","match_RDK","1811","j","true",0,0.07,"mismatch","self",3,"[""white""]",0
41,"男",22,"右","都不是","match_RDK","1873","f","true",180,0.03,"match","other",4,"[""white""]",0
41,"男",22,"右","都不是","match_RDK","2173","j","true",180,0.07,"mismatch","other",2,"[""white""]",0
41,"男",22,"右","都不是","match_RDK","2208","j","false",180,0.07,"match","other",2,"[""white""]",0
41,"男",22,"右","都不是","match_RDK","1823","j","true",180,0.12,"mismatch","other",1,"[""white""]",0
41,"男",22,"右","都不是","match_RDK","1438","j","true",0,0.12,"mismatch","self",1,"[""white""]",0
41,"男",22,"右","都不是","match_RDK","1754","j","true",180,0.03,"mismatch","other",4,"[""white""]",0
41,"男",22,"右","都不是","match_RDK","1739","f","false",0,0.07,"mismatch","self",3,"[""white""]",0
41,"男",22,"右","都不是","match_RDK","1533","f","true",0,0.03,"match","self",4,"[""white""]",0
41,"男",22,"右","都不是","match_RDK","1445","f","false",0,0.03,"mismatch","self",4,"[""white""]",0
41,"男",22,"右","都不是","match_RDK","1267","j","false",180,0.03,"match","other",4,"[""white""]",0
41,"男",22,"右","都不是","match_RDK","1367","j","true",180,0.07,"mismatch","other",2,"[""white""]",0
41,"男",22,"右","都不是","match_RDK","1159","f","true",0,0.07,"match","self",2,"[""white""]",0
41,"男",22,"右","都不是","match_RDK","1922","f","true",0,0.07,"match","self",3,"[""white""]",0
41,"男",22,"右","都不是","match_RDK","1098","j","true",0,0.07,"mismatch","self",2,"[""white""]",0
41,"男",22,"右","都不是","match_RDK","1108","f","true",0,0.12,"match","self",1,"[""white""]",0
41,"男",22,"右","都不是","match_RDK","1311","j","true",180,0.07,"mismatch","other",3,"[""white""]",0
41,"男",22,"右","都不是","match_RDK","1315","f","true",180,0.12,"match","other",1,"[""white""]",0
41,"男",22,"右","都不是","match_RDK","1474","j","false",180,0.07,"match","other",3,"[""white""]",0
41,"男",22,"右","都不是","match_RDK","2000","j","false",0,0.07,"match","self",3,"[""white""]",0
41,"男",22,"右","都不是","match_RDK","1446","j","true",0,0.03,"mismatch","self",4,"[""white""]",0
41,"男",22,"右","都不是","match_RDK","1698","f","true",0,0.12,"match","self",1,"[""white""]",0
41,"男",22,"右","都不是","match_RDK","1495","f","true",180,0.07,"match","other",3,"[""white""]",0
41,"男",22,"右","都不是","match_RDK","2177","j","true",180,0.07,"mismatch","other",2,"[""white""]",0
41,"男",22,"右","都不是","match_RDK","1649","f","true",180,0.07,"match","other",2,"[""white""]",0
41,"男",22,"右","都不是","match_RDK","1957","j","false",0,0.03,"match","self",4,"[""white""]",0
41,"男",22,"右","都不是","match_RDK","1822","f","true",180,0.12,"match","other",1,"[""white""]",0
41,"男",22,"右","都不是","match_RDK","1821","j","true",180,0.12,"mismatch","other",1,"[""white""]",0
41,"男",22,"右","都不是","match_RDK","2234","f","true",0,0.07,"match","self",2,"[""white""]",0
41,"男",22,"右","都不是","match_RDK","1224","j","true",0,0.12,"mismatch","self",1,"[""white""]",0
41,"男",22,"右","都不是","match_RDK","1759","f","false",0,0.07,"mismatch","self",2,"[""white""]",0
41,"男",22,"右","都不是","match_RDK","2223","f","false",180,0.07,"mismatch","other",3,"[""white""]",0
41,"男",22,"右","都不是","match_RDK","2125","j","true",180,0.03,"mismatch","other",4,"[""white""]",0
41,"男",22,"右","都不是","match_RDK","2447","j","false",180,0.03,"match","other",4,"[""white""]",0
41,"男",22,"右","都不是","match_RDK","1475","j","true",0,0.07,"mismatch","self",3,"[""white""]",0
41,"男",22,"右","都不是","match_RDK","1631","f","true",180,0.07,"match","other",2,"[""white""]",0
41,"男",22,"右","都不是","match_RDK","1589","f","true",0,0.07,"match","self",2,"[""white""]",0
41,"男",22,"右","都不是","match_RDK","1564","f","true",180,0.12,"match","other",1,"[""white""]",0
41,"男",22,"右","都不是","match_RDK","2022","j","true",180,0.07,"mismatch","other",3,"[""white""]",0
41,"男",22,"右","都不是","match_RDK","1625","f","true",0,0.07,"match","self",3,"[""white""]",0
41,"男",22,"右","都不是","match_RDK","1504","f","true",0,0.12,"match","self",1,"[""white""]",0
41,"男",22,"右","都不是","match_RDK","1946","f","false",0,0.12,"mismatch","self",1,"[""white""]",0
41,"男",22,"右","都不是","match_RDK","1555","f","false",0,0.03,"mismatch","self",4,"[""white""]",0
41,"男",22,"右","都不是","match_RDK","1595","j","true",0,0.07,"mismatch","self",2,"[""white""]",0
41,"男",22,"右","都不是","match_RDK","1331","j","true",180,0.03,"mismatch","other",4,"[""white""]",0
41,"男",22,"右","都不是","match_RDK","1396","j","true",0,0.07,"mismatch","self",3,"[""white""]",0
41,"男",22,"右","都不是","match_RDK","1684","j","true",180,0.12,"mismatch","other",1,"[""white""]",0
41,"男",22,"右","都不是","match_RDK","2039","f","true",180,0.07,"match","other",3,"[""white""]",0
41,"男",22,"右","都不是","match_RDK","1628","j","false",180,0.03,"match","other",4,"[""white""]",0
41,"男",22,"右","都不是","match_RDK","1700","j","false",0,0.03,"match","self",4,"[""white""]",0
41,"男",22,"右","都不是","match_RDK","1541","f","false",180,0.07,"mismatch","other",2,"[""white""]",0
41,"男",22,"右","都不是","match_RDK","1872","j","true",180,0.07,"mismatch","other",2,"[""white""]",0
41,"男",22,"右","都不是","match_RDK","2316","f","true",180,0.03,"match","other",4,"[""white""]",0
41,"男",22,"右","都不是","match_RDK","2501","f","true",0,0.03,"match","self",4,"[""white""]",0
41,"男",22,"右","都不是","match_RDK","2055","j","true",0,0.03,"mismatch","self",4,"[""white""]",0
41,"男",22,"右","都不是","match_RDK","2108","j","true",0,0.12,"mismatch","self",1,"[""white""]",0
41,"男",22,"右","都不是","match_RDK","1967","j","false",0,0.07,"match","self",3,"[""white""]",0
41,"男",22,"右","都不是","match_RDK","1990","j","true",180,0.12,"mismatch","other",1,"[""white""]",0
41,"男",22,"右","都不是","match_RDK","1790","j","false",0,0.07,"match","self",2,"[""white""]",0
41,"男",22,"右","都不是","match_RDK","2109","f","false",0,0.07,"mismatch","self",3,"[""white""]",0
41,"男",22,"右","都不是","match_RDK","1232","f","true",0,0.12,"match","self",1,"[""white""]",0
41,"男",22,"右","都不是","match_RDK","1493","f","true",180,0.07,"match","other",2,"[""white""]",0
41,"男",22,"右","都不是","match_RDK","1346","j","true",0,0.07,"mismatch","self",2,"[""white""]",0
41,"男",22,"右","都不是","match_RDK","1842","j","true",180,0.07,"mismatch","other",3,"[""white""]",0
41,"男",22,"右","都不是","match_RDK","2000","f","false",180,0.03,"mismatch","other",4,"[""white""]",0
41,"男",22,"右","都不是","match_RDK","1288","f","true",180,0.07,"match","other",3,"[""white""]",0
41,"男",22,"右","都不是","match_RDK","1338","j","false",180,0.12,"match","other",1,"[""white""]",0
41,"男",22,"右","都不是","match_RDK","1690","f","true",180,0.07,"match","other",3,"[""white""]",0
41,"男",22,"右","都不是","match_RDK","2462","f","false",180,0.07,"mismatch","other",2,"[""white""]",0
41,"男",22,"右","都不是","match_RDK","2531","f","true",180,0.07,"match","other",2,"[""white""]",0
41,"男",22,"右","都不是","match_RDK","2164","j","true",180,0.03,"mismatch","other",4,"[""white""]",0
41,"男",22,"右","都不是","match_RDK","1300","j","false",0,0.07,"match","self",3,"[""white""]",0
41,"男",22,"右","都不是","match_RDK","2039","j","true",0,0.07,"mismatch","self",3,"[""white""]",0
41,"男",22,"右","都不是","match_RDK","1707","f","true",0,0.12,"match","self",1,"[""white""]",0
41,"男",22,"右","都不是","match_RDK","2751","f","false",0,0.07,"mismatch","self",2,"[""white""]",0
41,"男",22,"右","都不是","match_RDK","1112","f","true",0,0.07,"match","self",2,"[""white""]",0
41,"男",22,"右","都不是","match_RDK","2114","j","false",180,0.12,"match","other",1,"[""white""]",0
41,"男",22,"右","都不是","match_RDK","2039","j","true",180,0.07,"mismatch","other",3,"[""white""]",0
41,"男",22,"右","都不是","match_RDK","1951","j","true",0,0.03,"mismatch","self",4,"[""white""]",0
41,"男",22,"右","都不是","match_RDK","1378","j","true",0,0.12,"mismatch","self",1,"[""white""]",0
41,"男",22,"右","都不是","match_RDK","2771","f","false",180,0.12,"mismatch","other",1,"[""white""]",0
41,"男",22,"右","都不是","match_RDK","1643","j","false",0,0.03,"match","self",4,"[""white""]",0
41,"男",22,"右","都不是","match_RDK","2927","j","false",180,0.03,"match","other",4,"[""white""]",0
41,"男",22,"右","都不是","match_RDK","2194","j","true",0,0.12,"mismatch","self",1,"[""white""]",0
41,"男",22,"右","都不是","match_RDK","2432","j","true",180,0.07,"mismatch","other",3,"[""white""]",0
41,"男",22,"右","都不是","match_RDK","2533","j","false",180,0.07,"match","other",3,"[""white""]",0
41,"男",22,"右","都不是","match_RDK","1351","j","false",180,0.12,"match","other",1,"[""white""]",0
41,"男",22,"右","都不是","match_RDK","2555","f","false",180,0.12,"mismatch","other",1,"[""white""]",0
41,"男",22,"右","都不是","match_RDK","1576","f","true",0,0.07,"match","self",2,"[""white""]",0
41,"男",22,"右","都不是","match_RDK","2785","j","true",0,0.03,"mismatch","self",4,"[""white""]",0
41,"男",22,"右","都不是","match_RDK","1896","f","false",180,0.07,"mismatch","other",2,"[""white""]",0
41,"男",22,"右","都不是","match_RDK","2579","j","true",180,0.03,"mismatch","other",4,"[""white""]",0
41,"男",22,"右","都不是","match_RDK","1554","f","true",0,0.03,"match","self",4,"[""white""]",0
41,"男",22,"右","都不是","match_RDK","1260","j","true",0,0.07,"mismatch","self",3,"[""white""]",0
41,"男",22,"右","都不是","match_RDK","2338","j","true",0,0.07,"mismatch","self",2,"[""white""]",0
41,"男",22,"右","都不是","match_RDK","1371","j","false",180,0.07,"match","other",2,"[""white""]",0
41,"男",22,"右","都不是","match_RDK","1625","f","true",0,0.12,"match","self",1,"[""white""]",0
41,"男",22,"右","都不是","match_RDK","2591","f","true",0,0.07,"match","self",3,"[""white""]",0
41,"男",22,"右","都不是","match_RDK","2574","j","false",180,0.03,"match","other",4,"[""white""]",0
41,"男",22,"右","都不是","match_RDK","1770","j","false",0,0.07,"match","self",3,"[""white""]",0
41,"男",22,"右","都不是","match_RDK","1946","f","true",180,0.07,"match","other",2,"[""white""]",0
41,"男",22,"右","都不是","match_RDK","2132","j","true",0,0.07,"mismatch","self",2,"[""white""]",0
41,"男",22,"右","都不是","match_RDK","1364","f","true",180,0.03,"match","other",4,"[""white""]",0
41,"男",22,"右","都不是","match_RDK","2309","j","true",180,0.07,"mismatch","other",3,"[""white""]",0
41,"男",22,"右","都不是","match_RDK","1344","j","true",0,0.12,"mismatch","self",1,"[""white""]",0
41,"男",22,"右","都不是","match_RDK","2049","f","false",0,0.03,"mismatch","self",4,"[""white""]",0
41,"男",22,"右","都不是","match_RDK","1510","f","false",180,0.12,"mismatch","other",1,"[""white""]",0
41,"男",22,"右","都不是","match_RDK","1168","f","true",0,0.03,"match","self",4,"[""white""]",0
41,"男",22,"右","都不是","match_RDK","1350","f","true",180,0.07,"match","other",3,"[""white""]",0
41,"男",22,"右","都不是","match_RDK","1049","f","true",0,0.07,"match","self",2,"[""white""]",0
41,"男",22,"右","都不是","match_RDK","1255","f","true",0,0.12,"match","self",1,"[""white""]",0
41,"男",22,"右","都不是","match_RDK","1915","j","true",180,0.03,"mismatch","other",4,"[""white""]",0
41,"男",22,"右","都不是","match_RDK","1988","j","true",0,0.07,"mismatch","self",3,"[""white""]",0
41,"男",22,"右","都不是","match_RDK","2123","j","true",180,0.07,"mismatch","other",2,"[""white""]",0
41,"男",22,"右","都不是","match_RDK","2381","f","true",180,0.12,"match","other",1,"[""white""]",0
41,"男",22,"右","都不是","match_RDK","1781","j","true",0,0.12,"mismatch","self",1,"[""white""]",0
41,"男",22,"右","都不是","match_RDK","2612","f","false",180,0.03,"mismatch","other",4,"[""white""]",0
41,"男",22,"右","都不是","match_RDK","2450","j","false",180,0.07,"match","other",3,"[""white""]",0
41,"男",22,"右","都不是","match_RDK","1991","f","true",180,0.12,"match","other",1,"[""white""]",0
41,"男",22,"右","都不是","match_RDK","1422","j","true",0,0.07,"mismatch","self",2,"[""white""]",0
41,"男",22,"右","都不是","match_RDK","1276","j","true",180,0.07,"mismatch","other",3,"[""white""]",0
41,"男",22,"右","都不是","match_RDK","1392","f","true",0,0.12,"match","self",1,"[""white""]",0
41,"男",22,"右","都不是","match_RDK","1539","j","false",180,0.03,"match","other",4,"[""white""]",0
41,"男",22,"右","都不是","match_RDK","1322","f","true",0,0.07,"match","self",2,"[""white""]",0
41,"男",22,"右","都不是","match_RDK","1883","j","false",0,0.03,"match","self",4,"[""white""]",0
41,"男",22,"右","都不是","match_RDK","2375","j","true",0,0.03,"mismatch","self",4,"[""white""]",0
41,"男",22,"右","都不是","match_RDK","1759","f","true",180,0.07,"match","other",2,"[""white""]",0
41,"男",22,"右","都不是","match_RDK","2191","j","true",180,0.07,"mismatch","other",2,"[""white""]",0
41,"男",22,"右","都不是","match_RDK","2062","j","true",180,0.12,"mismatch","other",1,"[""white""]",0
41,"男",22,"右","都不是","match_RDK","1988","j","true",0,0.07,"mismatch","self",3,"[""white""]",0
41,"男",22,"右","都不是","match_RDK","2282","f","true",0,0.07,"match","self",3,"[""white""]",0
41,"男",22,"右","都不是","match_RDK","2407","f","false",0,0.03,"mismatch","self",4,"[""white""]",0
41,"男",22,"右","都不是","match_RDK","2140","f","true",180,0.07,"match","other",2,"[""white""]",0
41,"男",22,"右","都不是","match_RDK","2014","j","true",180,0.07,"mismatch","other",3,"[""white""]",0
41,"男",22,"右","都不是","match_RDK","1268","f","true",0,0.12,"match","self",1,"[""white""]",0
41,"男",22,"右","都不是","match_RDK","1896","j","false",180,0.12,"match","other",1,"[""white""]",0
41,"男",22,"右","都不是","match_RDK","2178","j","false",180,0.03,"match","other",4,"[""white""]",0
41,"男",22,"右","都不是","match_RDK","1443","f","false",180,0.03,"mismatch","other",4,"[""white""]",0
41,"男",22,"右","都不是","match_RDK","1344","j","true",0,0.12,"mismatch","self",1,"[""white""]",0
41,"男",22,"右","都不是","match_RDK","1297","f","true",0,0.07,"match","self",3,"[""white""]",0
41,"男",22,"右","都不是","match_RDK","1605","j","true",0,0.07,"mismatch","self",2,"[""white""]",0
41,"男",22,"右","都不是","match_RDK","2171","j","false",0,0.07,"match","self",2,"[""white""]",0
41,"男",22,"右","都不是","match_RDK","2057","j","true",180,0.12,"mismatch","other",1,"[""white""]",0
41,"男",22,"右","都不是","match_RDK","1759","j","true",180,0.07,"mismatch","other",2,"[""white""]",0
41,"男",22,"右","都不是","match_RDK","1472","j","true",0,0.07,"mismatch","self",3,"[""white""]",0
41,"男",22,"右","都不是","match_RDK","2284","j","false",180,0.07,"match","other",3,"[""white""]",0
41,"男",22,"右","都不是","match_RDK","1399","f","true",0,0.03,"match","self",4,"[""white""]",0
41,"男",22,"右","都不是","match_RDK","1365","f","true",0,0.12,"match","self",1,"[""white""]",0
41,"男",22,"右","都不是","match_RDK","1414","j","true",180,0.07,"mismatch","other",2,"[""white""]",0
41,"男",22,"右","都不是","match_RDK","1826","j","false",180,0.07,"match","other",3,"[""white""]",0
41,"男",22,"右","都不是","match_RDK","1873","f","true",180,0.12,"match","other",1,"[""white""]",0
41,"男",22,"右","都不是","match_RDK","1644","f","true",0,0.07,"match","self",2,"[""white""]",0
41,"男",22,"右","都不是","match_RDK","1458","j","true",180,0.03,"mismatch","other",4,"[""white""]",0
41,"男",22,"右","都不是","match_RDK","1742","j","false",0,0.07,"match","self",3,"[""white""]",0
41,"男",22,"右","都不是","match_RDK","1745","f","true",180,0.03,"match","other",4,"[""white""]",0
41,"男",22,"右","都不是","match_RDK","2242","j","true",0,0.07,"mismatch","self",3,"[""white""]",0
41,"男",22,"右","都不是","match_RDK","1678","f","false",180,0.07,"mismatch","other",3,"[""white""]",0
41,"男",22,"右","都不是","match_RDK","2306","f","false",0,0.03,"mismatch","self",4,"[""white""]",0
41,"男",22,"右","都不是","match_RDK","2574","f","true",0,0.03,"match","self",4,"[""white""]",0
41,"男",22,"右","都不是","match_RDK","2030","f","true",180,0.07,"match","other",2,"[""white""]",0
41,"男",22,"右","都不是","match_RDK","2178","j","true",0,0.07,"mismatch","self",2,"[""white""]",0
41,"男",22,"右","都不是","match_RDK","2322","j","true",180,0.12,"mismatch","other",1,"[""white""]",0
41,"男",22,"右","都不是","match_RDK","1821","j","true",0,0.12,"mismatch","self",1,"[""white""]",0
41,"男",22,"右","都不是","match_RDK","2857","j","true",180,0.07,"mismatch","other",2,"[""white""]",0
41,"男",22,"右","都不是","match_RDK","1374","f","true",0,0.12,"match","self",1,"[""white""]",0
41,"男",22,"右","都不是","match_RDK","2382","f","false",0,0.07,"mismatch","self",3,"[""white""]",0
41,"男",22,"右","都不是","match_RDK","1831","j","true",0,0.07,"mismatch","self",2,"[""white""]",0
41,"男",22,"右","都不是","match_RDK","1651","f","false",180,0.12,"mismatch","other",1,"[""white""]",0
41,"男",22,"右","都不是","match_RDK","2824","j","true",180,0.03,"mismatch","other",4,"[""white""]",0
41,"男",22,"右","都不是","match_RDK","1903","f","true",180,0.03,"match","other",4,"[""white""]",0
41,"男",22,"右","都不是","match_RDK","2521","j","false",180,0.12,"match","other",1,"[""white""]",0
41,"男",22,"右","都不是","match_RDK","1931","f","true",0,0.07,"match","self",3,"[""white""]",0
41,"男",22,"右","都不是","match_RDK","2439","j","true",180,0.07,"mismatch","other",3,"[""white""]",0
41,"男",22,"右","都不是","match_RDK","1771","f","true",180,0.07,"match","other",2,"[""white""]",0
41,"男",22,"右","都不是","match_RDK","2282","f","true",180,0.07,"match","other",3,"[""white""]",0
41,"男",22,"右","都不是","match_RDK","2437","j","true",0,0.03,"mismatch","self",4,"[""white""]",0
41,"男",22,"右","都不是","match_RDK","1883","f","true",0,0.07,"match","self",2,"[""white""]",0
41,"男",22,"右","都不是","match_RDK","2438","f","true",0,0.03,"match","self",4,"[""white""]",0
41,"男",22,"右","都不是","match_RDK","1467","f","false",0,0.12,"mismatch","self",1,"[""white""]",0
41,"男",22,"右","都不是","match_RDK","2072","j","true",180,0.07,"mismatch","other",2,"[""white""]",0
41,"男",22,"右","都不是","match_RDK","1691","f","true",0,0.12,"match","self",1,"[""white""]",0
41,"男",22,"右","都不是","match_RDK","1982","f","true",180,0.07,"match","other",3,"[""white""]",0
41,"男",22,"右","都不是","match_RDK","1815","f","true",0,0.03,"match","self",4,"[""white""]",0
41,"男",22,"右","都不是","match_RDK","1843","f","false",0,0.03,"mismatch","self",4,"[""white""]",0
41,"男",22,"右","都不是","match_RDK","2356","f","true",0,0.07,"match","self",2,"[""white""]",0
41,"男",22,"右","都不是","match_RDK","1772","f","true",180,0.12,"match","other",1,"[""white""]",0
41,"男",22,"右","都不是","match_RDK","2873","j","false",180,0.03,"match","other",4,"[""white""]",0
41,"男",22,"右","都不是","match_RDK","1550","f","true",0,0.07,"match","self",3,"[""white""]",0
41,"男",22,"右","都不是","match_RDK","1623","f","false",0,0.07,"mismatch","self",2,"[""white""]",0
41,"男",22,"右","都不是","match_RDK","2940","j","true",180,0.03,"mismatch","other",4,"[""white""]",0
41,"男",22,"右","都不是","match_RDK","2317","j","true",180,0.12,"mismatch","other",1,"[""white""]",0
41,"男",22,"右","都不是","match_RDK","1911","j","true",0,0.12,"mismatch","self",1,"[""white""]",0
41,"男",22,"右","都不是","match_RDK","2098","j","true",0,0.07,"mismatch","self",3,"[""white""]",0
41,"男",22,"右","都不是","match_RDK","1797","f","true",180,0.07,"match","other",2,"[""white""]",0
41,"男",22,"右","都不是","match_RDK","1699","j","true",180,0.07,"mismatch","other",3,"[""white""]",0
41,"男",22,"右","都不是","match_RDK","2528","j","false",180,0.07,"match","other",2,"[""white""]",0
41,"男",22,"右","都不是","match_RDK","1573","f","true",180,0.12,"match","other",1,"[""white""]",0
41,"男",22,"右","都不是","match_RDK","2297","j","false",0,0.07,"match","self",2,"[""white""]",0
41,"男",22,"右","都不是","match_RDK","1396","f","true",180,0.07,"match","other",3,"[""white""]",0
41,"男",22,"右","都不是","match_RDK","1923","j","true",180,0.03,"mismatch","other",4,"[""white""]",0
41,"男",22,"右","都不是","match_RDK","2414","f","false",0,0.03,"mismatch","self",4,"[""white""]",0
41,"男",22,"右","都不是","match_RDK","2548","j","true",0,0.07,"mismatch","self",3,"[""white""]",0
41,"男",22,"右","都不是","match_RDK","1764","j","true",180,0.07,"mismatch","other",3,"[""white""]",0
41,"男",22,"右","都不是","match_RDK","1988","f","true",0,0.03,"match","self",4,"[""white""]",0
41,"男",22,"右","都不是","match_RDK","1579","f","true",0,0.07,"match","self",3,"[""white""]",0
41,"男",22,"右","都不是","match_RDK","2210","j","true",0,0.12,"mismatch","self",1,"[""white""]",0
41,"男",22,"右","都不是","match_RDK","1874","j","true",0,0.07,"mismatch","self",2,"[""white""]",0
41,"男",22,"右","都不是","match_RDK","2829","j","false",0,0.12,"match","self",1,"[""white""]",0
41,"男",22,"右","都不是","match_RDK","1859","j","true",180,0.12,"mismatch","other",1,"[""white""]",0
41,"男",22,"右","都不是","match_RDK","2224","j","false",180,0.03,"match","other",4,"[""white""]",0
41,"男",22,"右","都不是","match_RDK","2766","j","true",180,0.07,"mismatch","other",2,"[""white""]",0
41,"男",22,"右","都不是","match_RDK","2630","f","true",0,0.03,"match","self",4,"[""white""]",0
41,"男",22,"右","都不是","match_RDK","2132","f","false",180,0.07,"mismatch","other",3,"[""white""]",0
41,"男",22,"右","都不是","match_RDK","1814","f","true",0,0.07,"match","self",3,"[""white""]",0
41,"男",22,"右","都不是","match_RDK","2195","f","true",180,0.07,"match","other",2,"[""white""]",0
41,"男",22,"右","都不是","match_RDK","1572","j","true",180,0.12,"mismatch","other",1,"[""white""]",0
41,"男",22,"右","都不是","match_RDK","2172","f","true",180,0.07,"match","other",3,"[""white""]",0
41,"男",22,"右","都不是","match_RDK","2508","j","false",180,0.03,"match","other",4,"[""white""]",0
41,"男",22,"右","都不是","match_RDK","1660","f","true",180,0.12,"match","other",1,"[""white""]",0
41,"男",22,"右","都不是","match_RDK","1873","f","false",180,0.07,"mismatch","other",2,"[""white""]",0
41,"男",22,"右","都不是","match_RDK","2528","f","false",180,0.03,"mismatch","other",4,"[""white""]",0
41,"男",22,"右","都不是","match_RDK","1327","f","true",0,0.12,"match","self",1,"[""white""]",0
41,"男",22,"右","都不是","match_RDK","1472","j","true",0,0.12,"mismatch","self",1,"[""white""]",0
41,"男",22,"右","都不是","match_RDK","1902","f","true",0,0.07,"match","self",2,"[""white""]",0
41,"男",22,"右","都不是","match_RDK","2055","j","true",0,0.07,"mismatch","self",3,"[""white""]",0
41,"男",22,"右","都不是","match_RDK","2429","j","true",0,0.03,"mismatch","self",4,"[""white""]",0
41,"男",22,"右","都不是","match_RDK","1938","j","true",0,0.07,"mismatch","self",2,"[""white""]",0
41,"男",22,"右","都不是","match_RDK","1867","j","true",0,0.07,"mismatch","self",2,"[""white""]",0
41,"男",22,"右","都不是","match_RDK","2023","j","true",0,0.07,"mismatch","self",3,"[""white""]",0
41,"男",22,"右","都不是","match_RDK","2288","f","true",180,0.03,"match","other",4,"[""white""]",0
41,"男",22,"右","都不是","match_RDK","1912","j","true",180,0.07,"mismatch","other",3,"[""white""]",0
41,"男",22,"右","都不是","match_RDK","2515","j","false",180,0.07,"match","other",3,"[""white""]",0
41,"男",22,"右","都不是","match_RDK","2020","j","true",0,0.12,"mismatch","self",1,"[""white""]",0
41,"男",22,"右","都不是","match_RDK","1900","f","true",0,0.03,"match","self",4,"[""white""]",0
41,"男",22,"右","都不是","match_RDK","2021","j","true",0,0.03,"mismatch","self",4,"[""white""]",0
41,"男",22,"右","都不是","match_RDK","1805","j","true",180,0.12,"mismatch","other",1,"[""white""]",0
41,"男",22,"右","都不是","match_RDK","1482","f","true",0,0.07,"match","self",2,"[""white""]",0
41,"男",22,"右","都不是","match_RDK","2581","f","true",180,0.07,"match","other",2,"[""white""]",0
41,"男",22,"右","都不是","match_RDK","2374","j","true",180,0.07,"mismatch","other",2,"[""white""]",0
41,"男",22,"右","都不是","match_RDK","2189","f","true",0,0.07,"match","self",3,"[""white""]",0
41,"男",22,"右","都不是","match_RDK","1532","j","true",180,0.03,"mismatch","other",4,"[""white""]",0
41,"男",22,"右","都不是","match_RDK","1958","f","true",180,0.12,"match","other",1,"[""white""]",0
41,"男",22,"右","都不是","match_RDK","1535","f","true",0,0.12,"match","self",1,"[""white""]",0
41,"男",22,"右","都不是","match_RDK","2028","f","true",180,0.07,"match","other",3,"[""white""]",0
41,"男",22,"右","都不是","match_RDK","1090","f","true",0,0.12,"match","self",1,"[""white""]",0
41,"男",22,"右","都不是","match_RDK","2045","f","true",0,0.03,"match","self",4,"[""white""]",0
41,"男",22,"右","都不是","match_RDK","1235","j","true",0,0.03,"mismatch","self",4,"[""white""]",0
41,"男",22,"右","都不是","match_RDK","1448","j","true",180,0.07,"mismatch","other",3,"[""white""]",0
41,"男",22,"右","都不是","match_RDK","1701","j","true",180,0.03,"mismatch","other",4,"[""white""]",0
41,"男",22,"右","都不是","match_RDK","1272","f","true",180,0.07,"match","other",2,"[""white""]",0
41,"男",22,"右","都不是","match_RDK","1823","j","true",180,0.07,"mismatch","other",2,"[""white""]",0
41,"男",22,"右","都不是","match_RDK","1388","j","true",0,0.07,"mismatch","self",2,"[""white""]",0
41,"男",22,"右","都不是","match_RDK","2139","j","true",180,0.12,"mismatch","other",1,"[""white""]",0
41,"男",22,"右","都不是","match_RDK","1722","j","false",180,0.12,"match","other",1,"[""white""]",0
41,"男",22,"右","都不是","match_RDK","2188","j","true",0,0.07,"mismatch","self",3,"[""white""]",0
41,"男",22,"右","都不是","match_RDK","2234","f","true",0,0.07,"match","self",2,"[""white""]",0
41,"男",22,"右","都不是","match_RDK","2139","j","false",180,0.03,"match","other",4,"[""white""]",0
41,"男",22,"右","都不是","match_RDK","2506","j","true",0,0.12,"mismatch","self",1,"[""white""]",0
41,"男",22,"右","都不是","match_RDK","1900","f","true",0,0.07,"match","self",3,"[""white""]",0
41,"男",22,"右","都不是","match_RDK","1352","j","true",180,0.12,"mismatch","other",1,"[""white""]",0
41,"男",22,"右","都不是","match_RDK","2392","j","false",180,0.03,"match","other",4,"[""white""]",0
41,"男",22,"右","都不是","match_RDK","2305","j","true",180,0.07,"mismatch","other",3,"[""white""]",0
41,"男",22,"右","都不是","match_RDK","2105","f","true",180,0.07,"match","other",2,"[""white""]",0
41,"男",22,"右","都不是","match_RDK","1195","j","true",0,0.12,"mismatch","self",1,"[""white""]",0
41,"男",22,"右","都不是","match_RDK","2275","f","false",0,0.03,"mismatch","self",4,"[""white""]",0
41,"男",22,"右","都不是","match_RDK","2111","j","true",180,0.03,"mismatch","other",4,"[""white""]",0
41,"男",22,"右","都不是","match_RDK","2945","j","true",0,0.07,"mismatch","self",3,"[""white""]",0
41,"男",22,"右","都不是","match_RDK","2147","j","true",0,0.07,"mismatch","self",2,"[""white""]",0
41,"男",22,"右","都不是","match_RDK","-1","","false",0,0.07,"match","self",3,"[""white""]",0
41,"男",22,"右","都不是","match_RDK","1474","f","true",180,0.12,"match","other",1,"[""white""]",0
41,"男",22,"右","都不是","match_RDK","1742","f","true",180,0.07,"match","other",3,"[""white""]",0
41,"男",22,"右","都不是","match_RDK","2143","f","false",180,0.07,"mismatch","other",2,"[""white""]",0
41,"男",22,"右","都不是","match_RDK","2625","j","false",0,0.03,"match","self",4,"[""white""]",0
41,"男",22,"右","都不是","match_RDK","1486","f","true",0,0.07,"match","self",2,"[""white""]",0
41,"男",22,"右","都不是","match_RDK","1899","f","true",0,0.12,"match","self",1,"[""white""]",0
41,"男",22,"右","都不是","match_RDK","2277","f","false",0,0.12,"mismatch","self",1,"[""white""]",0
41,"男",22,"右","都不是","match_RDK","2656","j","false",180,0.07,"match","other",2,"[""white""]",0
41,"男",22,"右","都不是","match_RDK","1646","j","true",0,0.07,"mismatch","self",3,"[""white""]",0
41,"男",22,"右","都不是","match_RDK","1876","j","false",0,0.03,"match","self",4,"[""white""]",0
41,"男",22,"右","都不是","match_RDK","2399","f","true",180,0.07,"match","other",3,"[""white""]",0
41,"男",22,"右","都不是","match_RDK","1252","j","true",0,0.07,"mismatch","self",2,"[""white""]",0
41,"男",22,"右","都不是","match_RDK","1786","j","true",180,0.07,"mismatch","other",3,"[""white""]",0
41,"男",22,"右","都不是","match_RDK","2456","j","true",0,0.03,"mismatch","self",4,"[""white""]",0
41,"男",22,"右","都不是","match_RDK","1692","f","true",0,0.07,"match","self",2,"[""white""]",0
41,"男",22,"右","都不是","match_RDK","2672","f","false",180,0.03,"mismatch","other",4,"[""white""]",0
41,"男",22,"右","都不是","match_RDK","2989","j","false",180,0.03,"match","other",4,"[""white""]",0
41,"男",22,"右","都不是","match_RDK","1308","f","true",0,0.12,"match","self",1,"[""white""]",0
41,"男",22,"右","都不是","match_RDK","1247","f","true",0,0.07,"match","self",3,"[""white""]",0
41,"男",22,"右","都不是","match_RDK","1572","j","true",180,0.07,"mismatch","other",2,"[""white""]",0
41,"男",22,"右","都不是","match_RDK","2300","j","false",180,0.12,"match","other",1,"[""white""]",0
41,"男",22,"右","都不是","match_RDK","1608","j","true",180,0.12,"mismatch","other",1,"[""white""]",0
41,"男",22,"右","都不是","RDK","1343","arrowright","false",180,0.07,"","other",2,"[""white""]",0
41,"男",22,"右","都不是","RDK","639","arrowleft","true",180,0.12,"","other",1,"[""white""]",0
41,"男",22,"右","都不是","RDK","477","arrowright","true",0,0.07,"","self",3,"[""white""]",0
41,"男",22,"右","都不是","RDK","865","arrowleft","true",180,0.07,"","other",3,"[""white""]",0
41,"男",22,"右","都不是","RDK","773","arrowright","true",0,0.03,"","self",4,"[""white""]",0
41,"男",22,"右","都不是","RDK","591","arrowright","true",0,0.12,"","self",1,"[""white""]",0
41,"男",22,"右","都不是","RDK","813","arrowleft","false",0,0.07,"","self",2,"[""white""]",0
41,"男",22,"右","都不是","RDK","868","arrowleft","true",180,0.03,"","other",4,"[""white""]",0
41,"男",22,"右","都不是","RDK","776","arrowright","true",0,0.12,"","self",1,"[""white""]",0
41,"男",22,"右","都不是","RDK","720","arrowleft","true",180,0.12,"","other",1,"[""white""]",0
41,"男",22,"右","都不是","RDK","713","arrowleft","false",0,0.07,"","self",2,"[""white""]",0
41,"男",22,"右","都不是","RDK","772","arrowright","true",0,0.07,"","self",3,"[""white""]",0
41,"男",22,"右","都不是","RDK","810","arrowleft","true",180,0.03,"","other",4,"[""white""]",0
41,"男",22,"右","都不是","RDK","947","arrowright","true",0,0.03,"","self",4,"[""white""]",0
41,"男",22,"右","都不是","RDK","723","arrowleft","true",180,0.07,"","other",3,"[""white""]",0
41,"男",22,"右","都不是","RDK","990","arrowleft","true",180,0.07,"","other",2,"[""white""]",0
41,"男",22,"右","都不是","RDK","845","arrowright","true",0,0.07,"","self",3,"[""white""]",0
41,"男",22,"右","都不是","RDK","1027","arrowleft","false",0,0.03,"","self",4,"[""white""]",0
41,"男",22,"右","都不是","RDK","802","arrowright","true",0,0.07,"","self",2,"[""white""]",0
41,"男",22,"右","都不是","RDK","711","arrowleft","true",180,0.07,"","other",2,"[""white""]",0
41,"男",22,"右","都不是","RDK","690","arrowright","true",0,0.12,"","self",1,"[""white""]",0
41,"男",22,"右","都不是","RDK","861","arrowleft","true",180,0.12,"","other",1,"[""white""]",0
41,"男",22,"右","都不是","RDK","818","arrowleft","true",180,0.03,"","other",4,"[""white""]",0
41,"男",22,"右","都不是","RDK","776","arrowright","false",180,0.07,"","other",3,"[""white""]",0
41,"男",22,"右","都不是","RDK","723","arrowright","true",0,0.07,"","self",2,"[""white""]",0
41,"男",22,"右","都不是","RDK","875","arrowleft","true",180,0.07,"","other",3,"[""white""]",0
41,"男",22,"右","都不是","RDK","910","arrowright","false",180,0.03,"","other",4,"[""white""]",0
41,"男",22,"右","都不是","RDK","928","arrowleft","false",0,0.03,"","self",4,"[""white""]",0
41,"男",22,"右","都不是","RDK","851","arrowleft","true",180,0.07,"","other",2,"[""white""]",0
41,"男",22,"右","都不是","RDK","679","arrowright","true",0,0.12,"","self",1,"[""white""]",0
41,"男",22,"右","都不是","RDK","1027","arrowright","true",0,0.07,"","self",3,"[""white""]",0
41,"男",22,"右","都不是","RDK","610","arrowleft","true",180,0.12,"","other",1,"[""white""]",0
41,"男",22,"右","都不是","RDK","577","arrowright","true",0,0.07,"","self",3,"[""white""]",0
41,"男",22,"右","都不是","RDK","576","arrowleft","true",180,0.12,"","other",1,"[""white""]",0
41,"男",22,"右","都不是","RDK","944","arrowleft","true",180,0.03,"","other",4,"[""white""]",0
41,"男",22,"右","都不是","RDK","625","arrowright","true",0,0.07,"","self",2,"[""white""]",0
41,"男",22,"右","都不是","RDK","768","arrowleft","false",0,0.03,"","self",4,"[""white""]",0
41,"男",22,"右","都不是","RDK","856","arrowright","false",180,0.07,"","other",2,"[""white""]",0
41,"男",22,"右","都不是","RDK","607","arrowleft","true",180,0.07,"","other",3,"[""white""]",0
41,"男",22,"右","都不是","RDK","573","arrowright","true",0,0.12,"","self",1,"[""white""]",0
41,"男",22,"右","都不是","RDK","651","arrowleft","true",180,0.07,"","other",2,"[""white""]",0
41,"男",22,"右","都不是","RDK","1111","arrowright","true",0,0.07,"","self",2,"[""white""]",0
41,"男",22,"右","都不是","RDK","883","arrowleft","false",0,0.03,"","self",4,"[""white""]",0
41,"男",22,"右","都不是","RDK","485","arrowright","true",0,0.12,"","self",1,"[""white""]",0
41,"男",22,"右","都不是","RDK","599","arrowright","true",0,0.07,"","self",3,"[""white""]",0
41,"男",22,"右","都不是","RDK","551","arrowleft","true",180,0.12,"","other",1,"[""white""]",0
41,"男",22,"右","都不是","RDK","600","arrowright","false",180,0.03,"","other",4,"[""white""]",0
41,"男",22,"右","都不是","RDK","520","arrowleft","true",180,0.07,"","other",3,"[""white""]",0
41,"男",22,"右","都不是","RDK","549","arrowright","false",180,0.03,"","other",4,"[""white""]",0
41,"男",22,"右","都不是","RDK","486","arrowleft","true",180,0.12,"","other",1,"[""white""]",0
41,"男",22,"右","都不是","RDK","585","arrowright","true",0,0.03,"","self",4,"[""white""]",0
41,"男",22,"右","都不是","RDK","521","arrowleft","true",180,0.07,"","other",3,"[""white""]",0
41,"男",22,"右","都不是","RDK","444","arrowright","true",0,0.07,"","self",2,"[""white""]",0
41,"男",22,"右","都不是","RDK","528","arrowright","true",0,0.12,"","self",1,"[""white""]",0
41,"男",22,"右","都不是","RDK","673","arrowleft","false",0,0.07,"","self",3,"[""white""]",0
41,"男",22,"右","都不是","RDK","623","arrowleft","true",180,0.07,"","other",2,"[""white""]",0
41,"男",22,"右","都不是","RDK","540","arrowleft","true",180,0.07,"","other",3,"[""white""]",0
41,"男",22,"右","都不是","RDK","640","arrowright","true",0,0.03,"","self",4,"[""white""]",0
41,"男",22,"右","都不是","RDK","650","arrowright","false",180,0.03,"","other",4,"[""white""]",0
41,"男",22,"右","都不是","RDK","807","arrowleft","false",0,0.12,"","self",1,"[""white""]",0
41,"男",22,"右","都不是","RDK","622","arrowright","false",180,0.07,"","other",2,"[""white""]",0
41,"男",22,"右","都不是","RDK","636","arrowright","true",0,0.07,"","self",3,"[""white""]",0
41,"男",22,"右","都不是","RDK","697","arrowleft","true",180,0.12,"","other",1,"[""white""]",0
41,"男",22,"右","都不是","RDK","516","arrowright","true",0,0.07,"","self",2,"[""white""]",0
41,"男",22,"右","都不是","RDK","567","arrowleft","false",0,0.03,"","self",4,"[""white""]",0
41,"男",22,"右","都不是","RDK","839","arrowleft","true",180,0.07,"","other",3,"[""white""]",0
41,"男",22,"右","都不是","RDK","651","arrowright","false",180,0.12,"","other",1,"[""white""]",0
41,"男",22,"右","都不是","RDK","583","arrowright","true",0,0.07,"","self",2,"[""white""]",0
41,"男",22,"右","都不是","RDK","631","arrowright","false",180,0.03,"","other",4,"[""white""]",0
41,"男",22,"右","都不是","RDK","565","arrowleft","true",180,0.07,"","other",2,"[""white""]",0
41,"男",22,"右","都不是","RDK","533","arrowright","true",0,0.07,"","self",3,"[""white""]",0
41,"男",22,"右","都不是","RDK","872","arrowright","true",0,0.12,"","self",1,"[""white""]",0
41,"男",22,"右","都不是","RDK","1082","arrowright","true",0,0.07,"","self",3,"[""white""]",0
41,"男",22,"右","都不是","RDK","549","arrowright","true",0,0.07,"","self",2,"[""white""]",0
41,"男",22,"右","都不是","RDK","599","arrowleft","true",180,0.07,"","other",2,"[""white""]",0
41,"男",22,"右","都不是","RDK","500","arrowright","true",0,0.12,"","self",1,"[""white""]",0
41,"男",22,"右","都不是","RDK","520","arrowleft","true",180,0.07,"","other",3,"[""white""]",0
41,"男",22,"右","都不是","RDK","523","arrowright","true",0,0.03,"","self",4,"[""white""]",0
41,"男",22,"右","都不是","RDK","524","arrowleft","true",180,0.12,"","other",1,"[""white""]",0
41,"男",22,"右","都不是","RDK","477","arrowright","false",180,0.03,"","other",4,"[""white""]",0
41,"男",22,"右","都不是","RDK","609","arrowright","true",0,0.12,"","self",1,"[""white""]",0
41,"男",22,"右","都不是","RDK","623","arrowleft","true",180,0.07,"","other",3,"[""white""]",0
41,"男",22,"右","都不是","RDK","541","arrowright","true",0,0.03,"","self",4,"[""white""]",0
41,"男",22,"右","都不是","RDK","768","arrowleft","true",180,0.07,"","other",2,"[""white""]",0
41,"男",22,"右","都不是","RDK","694","arrowright","true",0,0.07,"","self",3,"[""white""]",0
41,"男",22,"右","都不是","RDK","642","arrowleft","false",0,0.07,"","self",2,"[""white""]",0
41,"男",22,"右","都不是","RDK","768","arrowleft","true",180,0.03,"","other",4,"[""white""]",0
41,"男",22,"右","都不是","RDK","759","arrowleft","true",180,0.12,"","other",1,"[""white""]",0
41,"男",22,"右","都不是","RDK","672","arrowright","false",180,0.03,"","other",4,"[""white""]",0
41,"男",22,"右","都不是","RDK","701","arrowleft","false",0,0.03,"","self",4,"[""white""]",0
41,"男",22,"右","都不是","RDK","726","arrowleft","true",180,0.07,"","other",2,"[""white""]",0
41,"男",22,"右","都不是","RDK","626","arrowright","true",0,0.12,"","self",1,"[""white""]",0
41,"男",22,"右","都不是","RDK","752","arrowleft","false",0,0.07,"","self",2,"[""white""]",0
41,"男",22,"右","都不是","RDK","712","arrowleft","true",180,0.12,"","other",1,"[""white""]",0
41,"男",22,"右","都不是","RDK","594","arrowright","true",0,0.07,"","self",3,"[""white""]",0
41,"男",22,"右","都不是","RDK","595","arrowleft","true",180,0.07,"","other",3,"[""white""]",0
41,"男",22,"右","都不是","RDK","439","arrowleft","true",180,0.07,"","other",3,"[""white""]",0
41,"男",22,"右","都不是","RDK","556","arrowleft","true",180,0.03,"","other",4,"[""white""]",0
41,"男",22,"右","都不是","RDK","526","arrowright","true",0,0.07,"","self",3,"[""white""]",0
41,"男",22,"右","都不是","RDK","544","arrowright","true",0,0.03,"","self",4,"[""white""]",0
41,"男",22,"右","都不是","RDK","482","arrowleft","false",0,0.07,"","self",2,"[""white""]",0
41,"男",22,"右","都不是","RDK","548","arrowleft","true",180,0.07,"","other",2,"[""white""]",0
41,"男",22,"右","都不是","RDK","502","arrowright","true",0,0.12,"","self",1,"[""white""]",0
41,"男",22,"右","都不是","RDK","473","arrowleft","true",180,0.12,"","other",1,"[""white""]",0
41,"男",22,"右","都不是","RDK","796","arrowright","false",180,0.03,"","other",4,"[""white""]",0
41,"男",22,"右","都不是","RDK","644","arrowleft","true",180,0.07,"","other",2,"[""white""]",0
41,"男",22,"右","都不是","RDK","706","arrowleft","true",180,0.12,"","other",1,"[""white""]",0
41,"男",22,"右","都不是","RDK","589","arrowright","true",0,0.12,"","self",1,"[""white""]",0
41,"男",22,"右","都不是","RDK","620","arrowright","true",0,0.07,"","self",2,"[""white""]",0
41,"男",22,"右","都不是","RDK","570","arrowright","true",0,0.07,"","self",3,"[""white""]",0
41,"男",22,"右","都不是","RDK","601","arrowright","true",0,0.03,"","self",4,"[""white""]",0
41,"男",22,"右","都不是","RDK","599","arrowleft","true",180,0.07,"","other",3,"[""white""]",0
41,"男",22,"右","都不是","RDK","758","arrowright","false",180,0.07,"","other",2,"[""white""]",0
41,"男",22,"右","都不是","RDK","640","arrowright","true",0,0.07,"","self",3,"[""white""]",0
41,"男",22,"右","都不是","RDK","908","arrowleft","false",0,0.07,"","self",2,"[""white""]",0
41,"男",22,"右","都不是","RDK","690","arrowright","true",0,0.12,"","self",1,"[""white""]",0
41,"男",22,"右","都不是","RDK","682","arrowleft","false",0,0.03,"","self",4,"[""white""]",0
41,"男",22,"右","都不是","RDK","630","arrowright","false",180,0.12,"","other",1,"[""white""]",0
41,"男",22,"右","都不是","RDK","611","arrowleft","true",180,0.03,"","other",4,"[""white""]",0
41,"男",22,"右","都不是","RDK","802","arrowright","false",180,0.07,"","other",3,"[""white""]",0
41,"男",22,"右","都不是","RDK","744","arrowleft","true",180,0.12,"","other",1,"[""white""]",0
41,"男",22,"右","都不是","RDK","755","arrowright","true",0,0.03,"","self",4,"[""white""]",0
41,"男",22,"右","都不是","RDK","650","arrowleft","true",180,0.03,"","other",4,"[""white""]",0
41,"男",22,"右","都不是","RDK","647","arrowright","true",0,0.12,"","self",1,"[""white""]",0
41,"男",22,"右","都不是","RDK","917","arrowright","true",0,0.07,"","self",2,"[""white""]",0
41,"男",22,"右","都不是","RDK","822","arrowleft","true",180,0.07,"","other",2,"[""white""]",0
41,"男",22,"右","都不是","RDK","652","arrowright","false",180,0.07,"","other",3,"[""white""]",0
41,"男",22,"右","都不是","RDK","890","arrowleft","false",0,0.07,"","self",3,"[""white""]",0
41,"男",22,"右","都不是","RDK","637","arrowright","true",0,0.12,"","self",1,"[""white""]",0
41,"男",22,"右","都不是","RDK","1130","arrowright","false",180,0.07,"","other",2,"[""white""]",0
41,"男",22,"右","都不是","RDK","963","arrowleft","false",0,0.03,"","self",4,"[""white""]",0
41,"男",22,"右","都不是","RDK","834","arrowleft","true",180,0.07,"","other",3,"[""white""]",0
41,"男",22,"右","都不是","RDK","537","arrowright","true",0,0.07,"","self",2,"[""white""]",0
41,"男",22,"右","都不是","RDK","761","arrowleft","true",180,0.03,"","other",4,"[""white""]",0
41,"男",22,"右","都不是","RDK","1041","arrowleft","true",180,0.12,"","other",1,"[""white""]",0
41,"男",22,"右","都不是","RDK","560","arrowright","true",0,0.07,"","self",3,"[""white""]",0
41,"男",22,"右","都不是","RDK","847","arrowleft","false",0,0.12,"","self",1,"[""white""]",0
41,"男",22,"右","都不是","RDK","870","arrowright","false",180,0.12,"","other",1,"[""white""]",0
41,"男",22,"右","都不是","RDK","602","arrowleft","true",180,0.07,"","other",2,"[""white""]",0
41,"男",22,"右","都不是","RDK","583","arrowright","false",180,0.03,"","other",4,"[""white""]",0
41,"男",22,"右","都不是","RDK","507","arrowleft","true",180,0.07,"","other",3,"[""white""]",0
41,"男",22,"右","都不是","RDK","540","arrowright","true",0,0.07,"","self",3,"[""white""]",0
41,"男",22,"右","都不是","RDK","924","arrowright","true",0,0.03,"","self",4,"[""white""]",0
41,"男",22,"右","都不是","RDK","926","arrowright","true",0,0.07,"","self",2,"[""white""]",0
41,"男",22,"右","都不是","RDK","853","arrowleft","true",180,0.07,"","other",2,"[""white""]",0
41,"男",22,"右","都不是","RDK","1115","arrowright","false",180,0.12,"","other",1,"[""white""]",0
41,"男",22,"右","都不是","RDK","580","arrowleft","true",180,0.03,"","other",4,"[""white""]",0
41,"男",22,"右","都不是","RDK","628","arrowright","false",180,0.07,"","other",3,"[""white""]",0
41,"男",22,"右","都不是","RDK","979","arrowleft","false",0,0.03,"","self",4,"[""white""]",0
41,"男",22,"右","都不是","RDK","787","arrowright","true",0,0.12,"","self",1,"[""white""]",0
41,"男",22,"右","都不是","RDK","874","arrowleft","false",0,0.07,"","self",3,"[""white""]",0
41,"男",22,"右","都不是","RDK","670","arrowright","true",0,0.07,"","self",2,"[""white""]",0
41,"男",22,"右","都不是","RDK","858","arrowright","false",180,0.03,"","other",4,"[""white""]",0
41,"男",22,"右","都不是","RDK","1182","arrowright","false",180,0.07,"","other",3,"[""white""]",0
41,"男",22,"右","都不是","RDK","966","arrowleft","false",0,0.07,"","self",3,"[""white""]",0
41,"男",22,"右","都不是","RDK","929","arrowleft","false",0,0.03,"","self",4,"[""white""]",0
41,"男",22,"右","都不是","RDK","873","arrowright","false",180,0.12,"","other",1,"[""white""]",0
41,"男",22,"右","都不是","RDK","634","arrowright","true",0,0.12,"","self",1,"[""white""]",0
41,"男",22,"右","都不是","RDK","664","arrowleft","true",180,0.07,"","other",2,"[""white""]",0
41,"男",22,"右","都不是","RDK","533","arrowright","true",0,0.07,"","self",2,"[""white""]",0
41,"男",22,"右","都不是","RDK","599","arrowright","true",0,0.07,"","self",3,"[""white""]",0
41,"男",22,"右","都不是","RDK","597","arrowleft","false",0,0.07,"","self",2,"[""white""]",0
41,"男",22,"右","都不是","RDK","805","arrowleft","true",180,0.07,"","other",3,"[""white""]",0
41,"男",22,"右","都不是","RDK","731","arrowleft","true",180,0.03,"","other",4,"[""white""]",0
41,"男",22,"右","都不是","RDK","547","arrowright","false",180,0.12,"","other",1,"[""white""]",0
41,"男",22,"右","都不是","RDK","725","arrowleft","false",0,0.03,"","self",4,"[""white""]",0
41,"男",22,"右","都不是","RDK","527","arrowright","true",0,0.12,"","self",1,"[""white""]",0
41,"男",22,"右","都不是","RDK","497","arrowleft","true",180,0.07,"","other",2,"[""white""]",0
41,"男",22,"右","都不是","RDK","548","arrowright","true",0,0.03,"","self",4,"[""white""]",0
41,"男",22,"右","都不是","RDK","823","arrowleft","false",0,0.12,"","self",1,"[""white""]",0
41,"男",22,"右","都不是","RDK","651","arrowright","false",180,0.03,"","other",4,"[""white""]",0
41,"男",22,"右","都不是","RDK","568","arrowleft","true",180,0.07,"","other",2,"[""white""]",0
41,"男",22,"右","都不是","RDK","873","arrowleft","true",180,0.07,"","other",3,"[""white""]",0
41,"男",22,"右","都不是","RDK","651","arrowright","true",0,0.07,"","self",2,"[""white""]",0
41,"男",22,"右","都不是","RDK","568","arrowleft","true",180,0.12,"","other",1,"[""white""]",0
41,"男",22,"右","都不是","RDK","648","arrowright","true",0,0.07,"","self",3,"[""white""]",0
41,"男",22,"右","都不是","RDK","629","arrowright","true",0,0.07,"","self",2,"[""white""]",0
41,"男",22,"右","都不是","RDK","739","arrowright","true",0,0.12,"","self",1,"[""white""]",0
41,"男",22,"右","都不是","RDK","700","arrowleft","false",0,0.03,"","self",4,"[""white""]",0
41,"男",22,"右","都不是","RDK","583","arrowright","true",0,0.07,"","self",3,"[""white""]",0
41,"男",22,"右","都不是","RDK","1012","arrowright","false",180,0.07,"","other",2,"[""white""]",0
41,"男",22,"右","都不是","RDK","851","arrowleft","true",180,0.03,"","other",4,"[""white""]",0
41,"男",22,"右","都不是","RDK","680","arrowright","false",180,0.07,"","other",3,"[""white""]",0
41,"男",22,"右","都不是","RDK","916","arrowleft","true",180,0.12,"","other",1,"[""white""]",0
41,"男",22,"右","都不是","RDK","1255","arrowleft","true",180,0.03,"","other",4,"[""white""]",0
41,"男",22,"右","都不是","RDK","762","arrowright","false",180,0.07,"","other",2,"[""white""]",0
41,"男",22,"右","都不是","RDK","547","arrowright","false",180,0.07,"","other",3,"[""white""]",0
41,"男",22,"右","都不是","RDK","739","arrowleft","false",0,0.03,"","self",4,"[""white""]",0
41,"男",22,"右","都不是","RDK","525","arrowright","true",0,0.07,"","self",3,"[""white""]",0
41,"男",22,"右","都不是","RDK","896","arrowleft","true",180,0.12,"","other",1,"[""white""]",0
41,"男",22,"右","都不是","RDK","483","arrowright","true",0,0.12,"","self",1,"[""white""]",0
41,"男",22,"右","都不是","RDK","566","arrowleft","false",0,0.07,"","self",2,"[""white""]",0
