"subj_idx","acc","rt","association","difficulty","difficulty_code","group"
"70",0.75,0.865944444444444,"other",1,"very easy","color"
"70",0.708333333333333,0.974764705882353,"self",1,"very easy","color"
"70",0.666666666666667,0.88875,"other",2,"easy","color"
"70",0.625,1.07566666666667,"self",2,"easy","color"
"70",0.625,0.886266666666667,"other",3,"difficult","color"
"70",0.708333333333333,1.03347058823529,"self",3,"difficult","color"
"70",0.75,0.943555555555556,"other",4,"very difficult","color"
"70",0.416666666666667,0.9832,"self",4,"very difficult","color"
"71",0.958333333333333,0.81495652173913,"other",1,"very easy","color"
"71",1,0.725125,"self",1,"very easy","color"
"71",0.833333333333333,0.82335,"other",2,"easy","color"
"71",0.75,0.825111111111111,"self",2,"easy","color"
"71",0.458333333333333,0.959545454545454,"other",3,"difficult","color"
"71",0.75,0.925722222222222,"self",3,"difficult","color"
"71",0.739130434782609,0.972294117647059,"other",4,"very difficult","color"
"71",0.583333333333333,0.815571428571429,"self",4,"very difficult","color"
"72",0.739130434782609,0.733294117647059,"other",1,"very easy","color"
"72",0.708333333333333,0.702176470588235,"self",1,"very easy","color"
"72",0.708333333333333,0.785705882352941,"other",2,"easy","color"
"72",0.75,0.762611111111111,"self",2,"easy","color"
"72",0.739130434782609,0.809,"other",3,"difficult","color"
"72",0.458333333333333,0.891,"self",3,"difficult","color"
"72",0.541666666666667,0.873846153846154,"other",4,"very difficult","color"
"72",0.583333333333333,0.775928571428571,"self",4,"very difficult","color"
"73",0.5,1.11391666666667,"other",1,"very easy","color"
"73",0.916666666666667,0.889409090909091,"self",1,"very easy","color"
"73",0.5,1.12958333333333,"other",2,"easy","color"
"73",0.833333333333333,0.9024,"self",2,"easy","color"
"73",0.5,0.989916666666667,"other",3,"difficult","color"
"73",0.833333333333333,0.9821,"self",3,"difficult","color"
"73",0.625,0.983733333333333,"other",4,"very difficult","color"
"73",0.75,0.877166666666667,"self",4,"very difficult","color"
"74",0.958333333333333,0.679826086956522,"other",1,"very easy","color"
"74",1,0.706541666666667,"self",1,"very easy","color"
"74",0.791666666666667,0.703578947368421,"other",2,"easy","color"
"74",0.875,0.679714285714286,"self",2,"easy","color"
"74",0.541666666666667,0.737230769230769,"other",3,"difficult","color"
"74",0.833333333333333,0.76605,"self",3,"difficult","color"
"74",0.541666666666667,0.743076923076923,"other",4,"very difficult","color"
"74",0.666666666666667,0.8130625,"self",4,"very difficult","color"
"75",1,0.786666666666667,"other",1,"very easy","color"
"75",0.875,0.726666666666667,"self",1,"very easy","color"
"75",0.916666666666667,0.784,"other",2,"easy","color"
"75",0.791666666666667,0.795631578947368,"self",2,"easy","color"
"75",0.916666666666667,0.772954545454545,"other",3,"difficult","color"
"75",0.583333333333333,0.811142857142857,"self",3,"difficult","color"
"75",0.708333333333333,0.882823529411765,"other",4,"very difficult","color"
"75",0.541666666666667,0.776230769230769,"self",4,"very difficult","color"
"76",0.875,0.654761904761905,"other",1,"very easy","color"
"76",0.5,0.853272727272727,"self",1,"very easy","color"
"76",0.875,0.728333333333333,"other",2,"easy","color"
"76",0.523809523809524,0.952818181818182,"self",2,"easy","color"
"76",0.833333333333333,0.73005,"other",3,"difficult","color"
"76",0.173913043478261,0.86325,"self",3,"difficult","color"
"76",0.791666666666667,0.661526315789474,"other",4,"very difficult","color"
"76",0.125,0.933,"self",4,"very difficult","color"
"77",1,0.694,"other",1,"very easy","color"
"77",0.666666666666667,0.9180625,"self",1,"very easy","color"
"77",1,0.746541666666667,"other",2,"easy","color"
"77",0.291666666666667,0.896142857142857,"self",2,"easy","color"
"77",0.958333333333333,0.693391304347826,"other",3,"difficult","color"
"77",0.434782608695652,0.8549,"self",3,"difficult","color"
"77",0.833333333333333,0.82015,"other",4,"very difficult","color"
"77",0.208333333333333,0.8082,"self",4,"very difficult","color"
"78",0.916666666666667,0.709090909090909,"other",1,"very easy","color"
"78",0.708333333333333,0.771470588235294,"self",1,"very easy","color"
"78",0.875,0.698380952380952,"other",2,"easy","color"
"78",0.666666666666667,0.8630625,"self",2,"easy","color"
"78",0.826086956521739,0.776368421052632,"other",3,"difficult","color"
"78",0.458333333333333,0.855909090909091,"self",3,"difficult","color"
"78",0.739130434782609,0.809294117647059,"other",4,"very difficult","color"
"78",0.25,0.987166666666667,"self",4,"very difficult","color"
"79",0.791666666666667,0.808105263157895,"other",1,"very easy","color"
"79",0.916666666666667,0.809636363636364,"self",1,"very easy","color"
"79",0.75,0.744,"other",2,"easy","color"
"79",0.666666666666667,0.7235,"self",2,"easy","color"
"79",0.666666666666667,0.829125,"other",3,"difficult","color"
"79",0.75,0.820388888888889,"self",3,"difficult","color"
"79",0.541666666666667,0.802230769230769,"other",4,"very difficult","color"
"79",0.5,0.8215,"self",4,"very difficult","color"
"80",1,0.731541666666667,"other",1,"very easy","color"
"80",0.916666666666667,0.777590909090909,"self",1,"very easy","color"
"80",0.833333333333333,0.78015,"other",2,"easy","color"
"80",0.916666666666667,0.789409090909091,"self",2,"easy","color"
"80",0.75,0.882555555555556,"other",3,"difficult","color"
"80",0.791666666666667,0.947894736842105,"self",3,"difficult","color"
"80",0.583333333333333,0.847928571428571,"other",4,"very difficult","color"
"80",0.708333333333333,0.876764705882353,"self",4,"very difficult","color"
"81",0.875,0.624952380952381,"other",1,"very easy","color"
"81",0.916666666666667,0.687363636363636,"self",1,"very easy","color"
"81",0.91304347826087,0.703285714285714,"other",2,"easy","color"
"81",0.863636363636364,0.711947368421053,"self",2,"easy","color"
"81",0.782608695652174,0.696,"other",3,"difficult","color"
"81",0.681818181818182,0.744933333333333,"self",3,"difficult","color"
"81",0.625,0.743533333333333,"other",4,"very difficult","color"
"81",0.583333333333333,0.724642857142857,"self",4,"very difficult","color"
"82",1,0.960416666666667,"other",1,"very easy","color"
"82",0.916666666666667,0.935090909090909,"self",1,"very easy","color"
"82",0.958333333333333,0.938913043478261,"other",2,"easy","color"
"82",0.875,1.0192380952381,"self",2,"easy","color"
"82",0.833333333333333,1.0676,"other",3,"difficult","color"
"82",0.625,1.15833333333333,"self",3,"difficult","color"
"82",0.791666666666667,1.25494736842105,"other",4,"very difficult","color"
"82",0.5,1.33841666666667,"self",4,"very difficult","color"
"83",0.833333333333333,0.931,"other",1,"very easy","color"
"83",0.833333333333333,0.9011,"self",1,"very easy","color"
"83",0.666666666666667,1.0106875,"other",2,"easy","color"
"83",0.833333333333333,0.9271,"self",2,"easy","color"
"83",0.291666666666667,0.939,"other",3,"difficult","color"
"83",0.625,0.925733333333333,"self",3,"difficult","color"
"83",0.791666666666667,1.09657894736842,"other",4,"very difficult","color"
"83",0.625,0.967066666666667,"self",4,"very difficult","color"
"84",0.916666666666667,0.767772727272727,"other",1,"very easy","color"
"84",0.916666666666667,0.775727272727273,"self",1,"very easy","color"
"84",0.791666666666667,0.921947368421053,"other",2,"easy","color"
"84",0.791666666666667,0.788052631578947,"self",2,"easy","color"
"84",0.666666666666667,0.85375,"other",3,"difficult","color"
"84",0.75,0.851888888888889,"self",3,"difficult","color"
"84",0.708333333333333,0.908764705882353,"other",4,"very difficult","color"
"84",0.791666666666667,0.858684210526316,"self",4,"very difficult","color"
"85",0.833333333333333,0.6251,"other",1,"very easy","color"
"85",0.958333333333333,0.737695652173913,"self",1,"very easy","color"
"85",0.958333333333333,0.694826086956522,"other",2,"easy","color"
"85",0.826086956521739,0.837315789473684,"self",2,"easy","color"
"85",0.583333333333333,0.748214285714286,"other",3,"difficult","color"
"85",0.416666666666667,0.9172,"self",3,"difficult","color"
"85",0.75,0.772222222222222,"other",4,"very difficult","color"
"85",0.666666666666667,0.8253125,"self",4,"very difficult","color"
"86",1,0.708916666666667,"other",1,"very easy","color"
"86",0.75,0.759,"self",1,"very easy","color"
"86",0.916666666666667,0.744409090909091,"other",2,"easy","color"
"86",0.666666666666667,0.761375,"self",2,"easy","color"
"86",0.875,0.773857142857143,"other",3,"difficult","color"
"86",0.666666666666667,0.8070625,"self",3,"difficult","color"
"86",0.791666666666667,0.798947368421053,"other",4,"very difficult","color"
"86",0.416666666666667,0.8083,"self",4,"very difficult","color"
"87",0.833333333333333,0.78125,"other",1,"very easy","color"
"87",1,0.653083333333333,"self",1,"very easy","color"
"87",0.708333333333333,0.818588235294118,"other",2,"easy","color"
"87",0.875,0.648761904761905,"self",2,"easy","color"
"87",0.583333333333333,0.989571428571429,"other",3,"difficult","color"
"87",0.791666666666667,0.779368421052632,"self",3,"difficult","color"
"87",0.625,0.928533333333333,"other",4,"very difficult","color"
"87",0.75,0.794722222222222,"self",4,"very difficult","color"
"88",0.958333333333333,0.636478260869565,"other",1,"very easy","color"
"88",1,0.629333333333333,"self",1,"very easy","color"
"88",0.75,0.682111111111111,"other",2,"easy","color"
"88",0.875,0.634476190476191,"self",2,"easy","color"
"88",0.625,0.7676,"other",3,"difficult","color"
"88",0.875,0.714761904761905,"self",3,"difficult","color"
"88",0.458333333333333,0.765545454545455,"other",4,"very difficult","color"
"88",0.75,0.737388888888889,"self",4,"very difficult","color"
"89",0.916666666666667,0.918863636363636,"other",1,"very easy","color"
"89",0.958333333333333,0.844782608695652,"self",1,"very easy","color"
"89",0.782608695652174,0.978777777777778,"other",2,"easy","color"
"89",0.791666666666667,0.837789473684211,"self",2,"easy","color"
"89",0.826086956521739,0.922947368421053,"other",3,"difficult","color"
"89",0.791666666666667,0.83,"self",3,"difficult","color"
"89",0.5,1.00983333333333,"other",4,"very difficult","color"
"89",0.5,0.898583333333333,"self",4,"very difficult","color"
"90",1,0.847375,"other",1,"very easy","color"
"90",0.708333333333333,0.964470588235294,"self",1,"very easy","color"
"90",0.833333333333333,0.81055,"other",2,"easy","color"
"90",0.772727272727273,1.04470588235294,"self",2,"easy","color"
"90",0.761904761904762,0.7560625,"other",3,"difficult","color"
"90",0.583333333333333,1.04685714285714,"self",3,"difficult","color"
"90",0.736842105263158,0.7995,"other",4,"very difficult","color"
"90",0.478260869565217,1.09627272727273,"self",4,"very difficult","color"
"91",0.958333333333333,0.812304347826087,"other",1,"very easy","color"
"91",0.833333333333333,0.90575,"self",1,"very easy","color"
"91",0.875,0.835809523809524,"other",2,"easy","color"
"91",0.791666666666667,0.944631578947368,"self",2,"easy","color"
"91",0.791666666666667,0.935421052631579,"other",3,"difficult","color"
"91",0.458333333333333,1.00345454545455,"self",3,"difficult","color"
"91",0.708333333333333,1.05282352941176,"other",4,"very difficult","color"
"91",0.416666666666667,1.0603,"self",4,"very difficult","color"
"92",1,0.767458333333333,"other",1,"very easy","color"
"92",0.875,0.806714285714286,"self",1,"very easy","color"
"92",1,0.872916666666667,"other",2,"easy","color"
"92",0.833333333333333,0.831,"self",2,"easy","color"
"92",0.875,0.924428571428571,"other",3,"difficult","color"
"92",0.625,0.891066666666667,"self",3,"difficult","color"
"92",0.708333333333333,0.815529411764706,"other",4,"very difficult","color"
"92",0.75,0.857111111111111,"self",4,"very difficult","color"
"93",0.958333333333333,0.761260869565217,"other",1,"very easy","color"
"93",0.875,0.716714285714286,"self",1,"very easy","color"
"93",0.75,0.851333333333333,"other",2,"easy","color"
"93",0.833333333333333,0.75235,"self",2,"easy","color"
"93",0.791666666666667,0.832473684210526,"other",3,"difficult","color"
"93",0.916666666666667,0.831181818181818,"self",3,"difficult","color"
"93",0.666666666666667,0.8624375,"other",4,"very difficult","color"
"93",0.583333333333333,0.787714285714286,"self",4,"very difficult","color"
"94",0.833333333333333,0.87555,"other",1,"very easy","color"
"94",1,0.77475,"self",1,"very easy","color"
"94",0.708333333333333,0.855882352941176,"other",2,"easy","color"
"94",1,0.842130434782609,"self",2,"easy","color"
"94",0.541666666666667,0.830230769230769,"other",3,"difficult","color"
"94",0.958333333333333,0.856695652173913,"self",3,"difficult","color"
"94",0.25,0.758333333333333,"other",4,"very difficult","color"
"94",0.875,0.904047619047619,"self",4,"very difficult","color"
"95",0.541666666666667,0.669461538461538,"other",1,"very easy","color"
"95",0.833333333333333,0.585,"self",1,"very easy","color"
"95",0.409090909090909,0.750222222222222,"other",2,"easy","color"
"95",0.791666666666667,0.652210526315789,"self",2,"easy","color"
"95",0.291666666666667,0.724571428571429,"other",3,"difficult","color"
"95",0.833333333333333,0.6762,"self",3,"difficult","color"
"95",0.347826086956522,0.648125,"other",4,"very difficult","color"
"95",0.958333333333333,0.65704347826087,"self",4,"very difficult","color"
"96",1,0.639708333333333,"other",1,"very easy","color"
"96",0.916666666666667,0.741954545454546,"self",1,"very easy","color"
"96",0.958333333333333,0.646130434782609,"other",2,"easy","color"
"96",0.666666666666667,0.6828125,"self",2,"easy","color"
"96",0.708333333333333,0.677882352941176,"other",3,"difficult","color"
"96",0.583333333333333,0.734142857142857,"self",3,"difficult","color"
"96",0.708333333333333,0.714647058823529,"other",4,"very difficult","color"
"96",0.625,0.814333333333333,"self",4,"very difficult","color"
"97",0.791666666666667,0.786,"other",1,"very easy","color"
"97",0.916666666666667,0.830590909090909,"self",1,"very easy","color"
"97",0.791666666666667,0.879526315789474,"other",2,"easy","color"
"97",0.708333333333333,0.771764705882353,"self",2,"easy","color"
"97",0.666666666666667,0.835,"other",3,"difficult","color"
"97",0.75,0.854222222222222,"self",3,"difficult","color"
"97",0.565217391304348,0.926153846153846,"other",4,"very difficult","color"
"97",0.708333333333333,0.834529411764706,"self",4,"very difficult","color"
"98",1,0.572708333333333,"other",1,"very easy","color"
"98",0.833333333333333,0.73295,"self",1,"very easy","color"
"98",1,0.700625,"other",2,"easy","color"
"98",0.875,0.900380952380952,"self",2,"easy","color"
"98",0.958333333333333,0.766260869565217,"other",3,"difficult","color"
"98",0.708333333333333,0.895176470588235,"self",3,"difficult","color"
"98",0.916666666666667,0.888272727272727,"other",4,"very difficult","color"
"98",0.5,1.00166666666667,"self",4,"very difficult","color"
"99",0.958333333333333,0.984347826086956,"other",1,"very easy","color"
"99",1,0.940916666666667,"self",1,"very easy","color"
"99",0.904761904761905,1.21963157894737,"other",2,"easy","color"
"99",0.958333333333333,1.06765217391304,"self",2,"easy","color"
"99",0.590909090909091,1.37715384615385,"other",3,"difficult","color"
"99",0.958333333333333,1.24386956521739,"self",3,"difficult","color"
"99",0.416666666666667,1.8111,"other",4,"very difficult","color"
"99",0.708333333333333,1.70217647058824,"self",4,"very difficult","color"
"100",0.958333333333333,0.661478260869565,"other",1,"very easy","color"
"100",0.875,0.662571428571429,"self",1,"very easy","color"
"100",0.791666666666667,0.688631578947368,"other",2,"easy","color"
"100",0.666666666666667,0.655125,"self",2,"easy","color"
"100",0.75,0.751833333333333,"other",3,"difficult","color"
"100",0.75,0.704444444444444,"self",3,"difficult","color"
"100",0.666666666666667,0.7405625,"other",4,"very difficult","color"
"100",0.708333333333333,0.743882352941176,"self",4,"very difficult","color"
"101",1,0.662333333333333,"other",1,"very easy","color"
"101",0.869565217391304,0.8048,"self",1,"very easy","color"
"101",0.958333333333333,0.713304347826087,"other",2,"easy","color"
"101",0.875,0.861619047619048,"self",2,"easy","color"
"101",0.916666666666667,0.750045454545454,"other",3,"difficult","color"
"101",0.416666666666667,0.8673,"self",3,"difficult","color"
"101",0.791666666666667,0.786526315789474,"other",4,"very difficult","color"
"101",0.333333333333333,0.86125,"self",4,"very difficult","color"
"102",0.958333333333333,0.853782608695652,"other",1,"very easy","color"
"102",0.875,0.828714285714286,"self",1,"very easy","color"
"102",0.833333333333333,0.9135,"other",2,"easy","color"
"102",0.916666666666667,0.7915,"self",2,"easy","color"
"102",0.916666666666667,1.03318181818182,"other",3,"difficult","color"
"102",0.666666666666667,0.9015625,"self",3,"difficult","color"
"102",0.666666666666667,1.1161875,"other",4,"very difficult","color"
"102",0.625,1.0286,"self",4,"very difficult","color"
"103",0.75,0.936666666666667,"other",1,"very easy","color"
"103",1,0.706333333333333,"self",1,"very easy","color"
"103",0.791666666666667,0.844368421052632,"other",2,"easy","color"
"103",0.958333333333333,0.803608695652174,"self",2,"easy","color"
"103",0.708333333333333,0.972705882352941,"other",3,"difficult","color"
"103",0.791666666666667,0.836473684210526,"self",3,"difficult","color"
"103",0.583333333333333,0.985428571428571,"other",4,"very difficult","color"
"103",0.583333333333333,0.815142857142857,"self",4,"very difficult","color"
"104",0.916666666666667,0.629590909090909,"other",1,"very easy","color"
"104",0.833333333333333,0.7127,"self",1,"very easy","color"
"104",1,0.612,"other",2,"easy","color"
"104",0.625,0.6548,"self",2,"easy","color"
"104",0.875,0.70152380952381,"other",3,"difficult","color"
"104",0.458333333333333,0.644363636363636,"self",3,"difficult","color"
"104",0.875,0.672904761904762,"other",4,"very difficult","color"
"104",0.5,0.7225,"self",4,"very difficult","color"
"105",0.958333333333333,0.910391304347826,"other",1,"very easy","color"
"105",0.958333333333333,0.753608695652174,"self",1,"very easy","color"
"105",0.833333333333333,0.9701,"other",2,"easy","color"
"105",0.833333333333333,0.76485,"self",2,"easy","color"
"105",0.5,0.853666666666667,"other",3,"difficult","color"
"105",0.833333333333333,0.9685,"self",3,"difficult","color"
"105",0.541666666666667,0.845769230769231,"other",4,"very difficult","color"
"105",0.791666666666667,0.969578947368421,"self",4,"very difficult","color"
"106",1,0.946958333333333,"other",1,"very easy","color"
"106",0.958333333333333,0.878565217391304,"self",1,"very easy","color"
"106",1,1.09570833333333,"other",2,"easy","color"
"106",0.958333333333333,1.06008695652174,"self",2,"easy","color"
"106",0.875,1.05704761904762,"other",3,"difficult","color"
"106",0.75,1.22783333333333,"self",3,"difficult","color"
"106",0.583333333333333,1.1075,"other",4,"very difficult","color"
"106",0.708333333333333,1.19605882352941,"self",4,"very difficult","color"
"107",1,1.10108695652174,"other",1,"very easy","color"
"107",0.916666666666667,1.10990909090909,"self",1,"very easy","color"
"107",0.916666666666667,1.12459090909091,"other",2,"easy","color"
"107",0.791666666666667,1.18842105263158,"self",2,"easy","color"
"107",0.75,1.04344444444444,"other",3,"difficult","color"
"107",0.791666666666667,1.27321052631579,"self",3,"difficult","color"
"107",0.695652173913043,1.418,"other",4,"very difficult","color"
"107",0.75,1.38883333333333,"self",4,"very difficult","color"
"108",0.958333333333333,0.685521739130435,"other",1,"very easy","color"
"108",0.708333333333333,0.832,"self",1,"very easy","color"
"108",0.958333333333333,0.679,"other",2,"easy","color"
"108",0.708333333333333,0.811,"self",2,"easy","color"
"108",0.916666666666667,0.694863636363636,"other",3,"difficult","color"
"108",0.583333333333333,0.862928571428571,"self",3,"difficult","color"
"108",0.75,0.779,"other",4,"very difficult","color"
"108",0.541666666666667,0.906230769230769,"self",4,"very difficult","color"
"109",1,0.757041666666667,"other",1,"very easy","color"
"109",0.833333333333333,0.7868,"self",1,"very easy","color"
"109",0.916666666666667,0.803590909090909,"other",2,"easy","color"
"109",0.791666666666667,0.785473684210526,"self",2,"easy","color"
"109",0.75,0.862,"other",3,"difficult","color"
"109",0.5,1.03383333333333,"self",3,"difficult","color"
"109",0.782608695652174,0.941,"other",4,"very difficult","color"
"109",0.541666666666667,0.972538461538462,"self",4,"very difficult","color"
"110",0.916666666666667,0.754454545454545,"other",1,"very easy","color"
"110",1,0.726041666666667,"self",1,"very easy","color"
"110",0.916666666666667,0.816318181818182,"other",2,"easy","color"
"110",0.916666666666667,0.740045454545454,"self",2,"easy","color"
"110",0.708333333333333,0.844,"other",3,"difficult","color"
"110",0.833333333333333,0.846,"self",3,"difficult","color"
"110",0.583333333333333,0.8,"other",4,"very difficult","color"
"110",0.75,0.878222222222222,"self",4,"very difficult","color"
"111",0.916666666666667,0.729454545454545,"other",1,"very easy","color"
"111",0.958333333333333,0.640695652173913,"self",1,"very easy","color"
"111",0.695652173913043,0.7003125,"other",2,"easy","color"
"111",0.833333333333333,0.66435,"self",2,"easy","color"
"111",0.541666666666667,0.724615384615385,"other",3,"difficult","color"
"111",0.833333333333333,0.7437,"self",3,"difficult","color"
"111",0.304347826086957,0.918,"other",4,"very difficult","color"
"111",0.583333333333333,0.759428571428571,"self",4,"very difficult","color"
"112",0.833333333333333,0.83425,"other",1,"very easy","color"
"112",1,0.83525,"self",1,"very easy","color"
"112",0.833333333333333,0.8844,"other",2,"easy","color"
"112",0.75,0.830666666666667,"self",2,"easy","color"
"112",0.708333333333333,0.867941176470588,"other",3,"difficult","color"
"112",0.875,0.903952380952381,"self",3,"difficult","color"
"112",0.666666666666667,0.885875,"other",4,"very difficult","color"
"112",0.625,0.912533333333333,"self",4,"very difficult","color"
"113",0.791666666666667,0.715789473684211,"other",1,"very easy","color"
"113",0.666666666666667,0.85875,"self",1,"very easy","color"
"113",0.875,0.816904761904762,"other",2,"easy","color"
"113",0.75,0.899888888888889,"self",2,"easy","color"
"113",0.791666666666667,0.806947368421053,"other",3,"difficult","color"
"113",0.666666666666667,0.86925,"self",3,"difficult","color"
"113",0.565217391304348,0.869076923076923,"other",4,"very difficult","color"
"113",0.375,0.977,"self",4,"very difficult","color"
"114",0.916666666666667,0.775136363636364,"other",1,"very easy","color"
"114",0.958333333333333,0.733086956521739,"self",1,"very easy","color"
"114",0.875,0.811285714285714,"other",2,"easy","color"
"114",0.695652173913043,0.73825,"self",2,"easy","color"
"114",0.608695652173913,0.868357142857143,"other",3,"difficult","color"
"114",0.772727272727273,0.769411764705882,"self",3,"difficult","color"
"114",0.625,0.927733333333333,"other",4,"very difficult","color"
"114",0.666666666666667,0.86225,"self",4,"very difficult","color"
"115",0.75,0.661277777777778,"other",1,"very easy","color"
"115",1,0.693916666666667,"self",1,"very easy","color"
"115",0.782608695652174,0.628722222222222,"other",2,"easy","color"
"115",0.916666666666667,0.642272727272727,"self",2,"easy","color"
"115",0.75,0.789944444444444,"other",3,"difficult","color"
"115",0.875,0.762,"self",3,"difficult","color"
"115",0.5,0.65675,"other",4,"very difficult","color"
"115",0.5,0.69925,"self",4,"very difficult","color"
"116",0.958333333333333,0.608391304347826,"other",1,"very easy","color"
"116",0.916666666666667,0.633363636363636,"self",1,"very easy","color"
"116",0.916666666666667,0.649272727272727,"other",2,"easy","color"
"116",0.956521739130435,0.632909090909091,"self",2,"easy","color"
"116",0.708333333333333,0.669647058823529,"other",3,"difficult","color"
"116",0.791666666666667,0.645157894736842,"self",3,"difficult","color"
"116",0.583333333333333,0.629571428571429,"other",4,"very difficult","color"
"116",0.666666666666667,0.7145,"self",4,"very difficult","color"
"117",1,0.742791666666667,"other",1,"very easy","color"
"117",1,0.622208333333333,"self",1,"very easy","color"
"117",0.916666666666667,0.724954545454546,"other",2,"easy","color"
"117",1,0.685875,"self",2,"easy","color"
"117",0.625,0.763866666666667,"other",3,"difficult","color"
"117",0.75,0.755611111111111,"self",3,"difficult","color"
"117",0.541666666666667,0.838692307692308,"other",4,"very difficult","color"
"117",0.666666666666667,0.676,"self",4,"very difficult","color"
"118",1,0.710416666666667,"other",1,"very easy","color"
"118",0.916666666666667,0.786090909090909,"self",1,"very easy","color"
"118",0.791666666666667,0.765578947368421,"other",2,"easy","color"
"118",0.666666666666667,0.85275,"self",2,"easy","color"
"118",0.791666666666667,0.79578947368421,"other",3,"difficult","color"
"118",0.791666666666667,0.846684210526316,"self",3,"difficult","color"
"118",0.608695652173913,0.715214285714286,"other",4,"very difficult","color"
"118",0.666666666666667,0.9453125,"self",4,"very difficult","color"
"119",0.916666666666667,0.731454545454545,"other",1,"very easy","color"
"119",0.958333333333333,0.667260869565217,"self",1,"very easy","color"
"119",0.916666666666667,0.772227272727273,"other",2,"easy","color"
"119",0.833333333333333,0.6553,"self",2,"easy","color"
"119",0.565217391304348,0.760538461538461,"other",3,"difficult","color"
"119",0.75,0.629111111111111,"self",3,"difficult","color"
"119",0.333333333333333,0.7815,"other",4,"very difficult","color"
"119",0.666666666666667,0.685625,"self",4,"very difficult","color"
"120",0.875,0.696571428571429,"other",1,"very easy","color"
"120",0.958333333333333,0.70204347826087,"self",1,"very easy","color"
"120",0.791666666666667,0.762,"other",2,"easy","color"
"120",0.958333333333333,0.759478260869565,"self",2,"easy","color"
"120",0.583333333333333,0.677785714285714,"other",3,"difficult","color"
"120",0.833333333333333,0.75605,"self",3,"difficult","color"
"120",0.608695652173913,0.775,"other",4,"very difficult","color"
"120",0.75,0.750111111111111,"self",4,"very difficult","color"
"121",0.875,1.19085714285714,"other",1,"very easy","color"
"121",0.958333333333333,1.19913043478261,"self",1,"very easy","color"
"121",0.695652173913043,1.3090625,"other",2,"easy","color"
"121",0.869565217391304,1.1022,"self",2,"easy","color"
"121",0.5,1.348,"other",3,"difficult","color"
"121",0.869565217391304,1.05755,"self",3,"difficult","color"
"121",0.5,1.46983333333333,"other",4,"very difficult","color"
"121",0.875,1.02847619047619,"self",4,"very difficult","color"
"122",0.875,0.651428571428571,"other",1,"very easy","color"
"122",0.739130434782609,0.773294117647059,"self",1,"very easy","color"
"122",0.791666666666667,0.639315789473684,"other",2,"easy","color"
"122",0.666666666666667,0.79725,"self",2,"easy","color"
"122",0.791666666666667,0.660052631578947,"other",3,"difficult","color"
"122",0.666666666666667,0.822375,"self",3,"difficult","color"
"122",0.75,0.655888888888889,"other",4,"very difficult","color"
"122",0.5,0.832583333333333,"self",4,"very difficult","color"
"123",0.958333333333333,0.709130434782609,"other",1,"very easy","color"
"123",0.91304347826087,0.795380952380952,"self",1,"very easy","color"
"123",0.625,0.7698,"other",2,"easy","color"
"123",0.875,0.688714285714286,"self",2,"easy","color"
"123",0.333333333333333,0.706875,"other",3,"difficult","color"
"123",0.666666666666667,0.6435,"self",3,"difficult","color"
"123",0.583333333333333,0.937428571428571,"other",4,"very difficult","color"
"123",0.625,0.820933333333333,"self",4,"very difficult","color"
"124",0.875,0.747619047619048,"other",1,"very easy","color"
"124",0.916666666666667,0.753772727272727,"self",1,"very easy","color"
"124",0.916666666666667,0.830954545454546,"other",2,"easy","color"
"124",0.75,0.733388888888889,"self",2,"easy","color"
"124",0.833333333333333,0.88525,"other",3,"difficult","color"
"124",0.458333333333333,0.783909090909091,"self",3,"difficult","color"
"124",0.708333333333333,0.851647058823529,"other",4,"very difficult","color"
"124",0.458333333333333,0.862181818181818,"self",4,"very difficult","color"
"125",0.875,0.756857142857143,"other",1,"very easy","color"
"125",0.916666666666667,0.762454545454545,"self",1,"very easy","color"
"125",0.75,0.807,"other",2,"easy","color"
"125",0.833333333333333,0.75235,"self",2,"easy","color"
"125",0.541666666666667,0.915538461538462,"other",3,"difficult","color"
"125",0.708333333333333,0.778235294117647,"self",3,"difficult","color"
"125",0.625,0.821866666666667,"other",4,"very difficult","color"
"125",0.625,0.805266666666667,"self",4,"very difficult","color"
"126",0.958333333333333,0.700391304347826,"other",1,"very easy","color"
"126",0.958333333333333,0.728739130434783,"self",1,"very easy","color"
"126",1,0.81275,"other",2,"easy","color"
"126",0.958333333333333,0.807608695652174,"self",2,"easy","color"
"126",0.791666666666667,0.913421052631579,"other",3,"difficult","color"
"126",0.833333333333333,0.82105,"self",3,"difficult","color"
"126",0.75,0.854666666666667,"other",4,"very difficult","color"
"126",0.833333333333333,0.91365,"self",4,"very difficult","color"
"127",0.958333333333333,0.698260869565217,"other",1,"very easy","color"
"127",0.916666666666667,0.789636363636364,"self",1,"very easy","color"
"127",0.791666666666667,0.676263157894737,"other",2,"easy","color"
"127",0.875,0.777,"self",2,"easy","color"
"127",0.916666666666667,0.6895,"other",3,"difficult","color"
"127",0.666666666666667,0.824375,"self",3,"difficult","color"
"127",0.739130434782609,0.815117647058824,"other",4,"very difficult","color"
"127",0.5,0.873916666666667,"self",4,"very difficult","color"
"128",0.958333333333333,0.706260869565217,"other",1,"very easy","color"
"128",0.875,0.710952380952381,"self",1,"very easy","color"
"128",0.958333333333333,0.73895652173913,"other",2,"easy","color"
"128",0.833333333333333,0.7788,"self",2,"easy","color"
"128",0.833333333333333,0.81015,"other",3,"difficult","color"
"128",0.75,0.757611111111111,"self",3,"difficult","color"
"128",0.666666666666667,0.976625,"other",4,"very difficult","color"
"128",0.583333333333333,0.843,"self",4,"very difficult","color"
"129",0.916666666666667,0.714272727272727,"other",1,"very easy","color"
"129",1,0.547125,"self",1,"very easy","color"
"129",0.625,0.784666666666667,"other",2,"easy","color"
"129",0.958333333333333,0.644826086956522,"self",2,"easy","color"
"129",0.583333333333333,0.849928571428571,"other",3,"difficult","color"
"129",1,0.65075,"self",3,"difficult","color"
"129",0.434782608695652,0.7756,"other",4,"very difficult","color"
"129",0.791666666666667,0.687526315789474,"self",4,"very difficult","color"
"130",0.791666666666667,0.766631578947368,"other",1,"very easy","color"
"130",0.958333333333333,0.715652173913043,"self",1,"very easy","color"
"130",0.833333333333333,0.6964,"other",2,"easy","color"
"130",0.875,0.771761904761905,"self",2,"easy","color"
"130",0.666666666666667,0.7919375,"other",3,"difficult","color"
"130",0.75,0.804611111111111,"self",3,"difficult","color"
"130",0.416666666666667,0.8443,"other",4,"very difficult","color"
"130",0.666666666666667,0.93125,"self",4,"very difficult","color"
"131",0.75,0.813222222222222,"other",1,"very easy","color"
"131",0.958333333333333,0.587,"self",1,"very easy","color"
"131",0.916666666666667,0.747136363636364,"other",2,"easy","color"
"131",0.916666666666667,0.722272727272727,"self",2,"easy","color"
"131",0.583333333333333,0.825642857142857,"other",3,"difficult","color"
"131",0.958333333333333,0.646260869565217,"self",3,"difficult","color"
"131",0.541666666666667,0.777538461538462,"other",4,"very difficult","color"
"131",0.826086956521739,0.730842105263158,"self",4,"very difficult","color"
"132",0.833333333333333,0.7874,"other",1,"very easy","color"
"132",0.916666666666667,0.828272727272727,"self",1,"very easy","color"
"132",0.833333333333333,0.83195,"other",2,"easy","color"
"132",0.791666666666667,0.844684210526316,"self",2,"easy","color"
"132",0.5,0.804333333333333,"other",3,"difficult","color"
"132",0.666666666666667,0.8421875,"self",3,"difficult","color"
"132",0.416666666666667,0.7625,"other",4,"very difficult","color"
"132",0.5,0.86225,"self",4,"very difficult","color"
"133",0.958333333333333,0.762521739130435,"other",1,"very easy","color"
"133",0.791666666666667,0.669052631578947,"self",1,"very easy","color"
"133",0.916666666666667,0.727227272727273,"other",2,"easy","color"
"133",0.826086956521739,0.741263157894737,"self",2,"easy","color"
"133",0.833333333333333,0.7704,"other",3,"difficult","color"
"133",0.5,0.75175,"self",3,"difficult","color"
"133",0.708333333333333,0.813882352941177,"other",4,"very difficult","color"
"133",0.541666666666667,0.761307692307692,"self",4,"very difficult","color"
"134",0.91304347826087,0.832,"other",1,"very easy","color"
"134",0.916666666666667,0.916954545454545,"self",1,"very easy","color"
"134",0.833333333333333,0.8554,"other",2,"easy","color"
"134",0.791666666666667,1.01747368421053,"self",2,"easy","color"
"134",0.666666666666667,1.022375,"other",3,"difficult","color"
"134",0.791666666666667,0.963263157894737,"self",3,"difficult","color"
"134",0.541666666666667,0.953461538461538,"other",4,"very difficult","color"
"134",0.666666666666667,0.9555,"self",4,"very difficult","color"
"135",0.916666666666667,0.790090909090909,"other",1,"very easy","color"
"135",0.75,1.14488888888889,"self",1,"very easy","color"
"135",0.833333333333333,0.9612,"other",2,"easy","color"
"135",0.666666666666667,1.28,"self",2,"easy","color"
"135",0.791666666666667,0.89,"other",3,"difficult","color"
"135",0.416666666666667,1.2088,"self",3,"difficult","color"
"135",0.75,0.986055555555556,"other",4,"very difficult","color"
"135",0.416666666666667,1.2429,"self",4,"very difficult","color"
"136",0.958333333333333,0.651478260869565,"other",1,"very easy","color"
"136",1,0.603041666666667,"self",1,"very easy","color"
"136",0.875,0.671380952380952,"other",2,"easy","color"
"136",0.875,0.719095238095238,"self",2,"easy","color"
"136",0.791666666666667,0.637947368421053,"other",3,"difficult","color"
"136",0.833333333333333,0.75255,"self",3,"difficult","color"
"136",0.708333333333333,0.814352941176471,"other",4,"very difficult","color"
"136",0.666666666666667,0.748875,"self",4,"very difficult","color"
"137",0.833333333333333,0.8797,"other",1,"very easy","color"
"137",1,0.741958333333333,"self",1,"very easy","color"
"137",0.833333333333333,0.9786,"other",2,"easy","color"
"137",1,0.819541666666667,"self",2,"easy","color"
"137",0.583333333333333,1.01478571428571,"other",3,"difficult","color"
"137",0.916666666666667,0.922909090909091,"self",3,"difficult","color"
"137",0.666666666666667,1.073875,"other",4,"very difficult","color"
"137",0.791666666666667,0.977684210526316,"self",4,"very difficult","color"
"138",0.958333333333333,0.68395652173913,"other",1,"very easy","color"
"138",0.833333333333333,0.7416,"self",1,"very easy","color"
"138",0.958333333333333,0.639086956521739,"other",2,"easy","color"
"138",0.958333333333333,0.760826086956522,"self",2,"easy","color"
"138",0.708333333333333,0.706588235294118,"other",3,"difficult","color"
"138",0.833333333333333,0.7727,"self",3,"difficult","color"
"138",0.708333333333333,0.696705882352941,"other",4,"very difficult","color"
"138",0.833333333333333,0.73055,"self",4,"very difficult","color"
"139",0.791666666666667,1.21910526315789,"other",1,"very easy","color"
"139",0.833333333333333,1.08025,"self",1,"very easy","color"
"139",0.833333333333333,1.2613,"other",2,"easy","color"
"139",0.916666666666667,1.14113636363636,"self",2,"easy","color"
"139",0.791666666666667,1.23431578947368,"other",3,"difficult","color"
"139",0.666666666666667,1.2425625,"self",3,"difficult","color"
"139",0.75,1.28738888888889,"other",4,"very difficult","color"
"139",0.583333333333333,1.08271428571429,"self",4,"very difficult","color"
"140",0.916666666666667,0.601772727272727,"other",1,"very easy","color"
"140",1,0.700875,"self",1,"very easy","color"
"140",0.833333333333333,0.6936,"other",2,"easy","color"
"140",0.791666666666667,0.742,"self",2,"easy","color"
"140",0.833333333333333,0.7484,"other",3,"difficult","color"
"140",0.833333333333333,0.70995,"self",3,"difficult","color"
"140",0.75,0.784833333333333,"other",4,"very difficult","color"
"140",0.75,0.681388888888889,"self",4,"very difficult","color"
"141",0.958333333333333,0.867695652173913,"other",1,"very easy","color"
"141",1,0.820833333333333,"self",1,"very easy","color"
"141",0.833333333333333,0.94755,"other",2,"easy","color"
"141",1,0.795958333333333,"self",2,"easy","color"
"141",0.875,1.0467619047619,"other",3,"difficult","color"
"141",0.958333333333333,1.01534782608696,"self",3,"difficult","color"
"141",0.583333333333333,1.10592857142857,"other",4,"very difficult","color"
"141",0.875,0.932142857142857,"self",4,"very difficult","color"
